TraficoPico,RiesgoRuta,Distancia_km,TiempoEstimado_min,TiempoReal_min,Demora_min,Peso_kg,ExperienciaConductor_anios,AntiguedadCamion_anios,FallasMecanicas,NivelCombustible_pct,Clima_Bueno,Clima_Lluvia,Clima_Tormenta,TipoCarga_Fragil,TipoCarga_Normal,TipoCarga_Peligrosa,HorarioSalida_Manana,HorarioSalida_Noche,HorarioSalida_Tarde
0,1,291.94,291.9,327.5,35.6,4013,5,6,0,65.6,False,True,False,True,False,False,False,True,False
1,1,211.99,231.3,333.2,102.0,12517,9,2,1,54.4,True,False,False,False,True,False,True,False,False
0,1,93.25,101.7,147.2,45.4,9804,6,6,0,58.6,False,True,False,False,False,True,False,True,False
0,1,263.53,263.5,302.2,38.7,9436,9,6,0,66.4,False,True,False,True,False,False,False,False,True
1,0,38.72,42.2,69.2,27.0,9444,3,4,0,62.6,True,False,False,False,True,False,False,False,True
1,0,273.3,328.0,404.1,76.2,7362,6,8,0,58.6,False,False,True,True,False,False,True,False,False
2,2,210.5,315.8,392.9,77.1,10488,6,3,0,50.5,False,True,False,False,True,False,True,False,False
1,1,47.66,52.0,78.3,26.3,12606,6,8,0,99.4,False,True,False,False,True,False,False,False,True
1,1,37.03,40.4,59.7,19.3,11542,5,6,0,62.5,True,False,False,False,True,False,False,False,True
1,0,265.28,318.3,352.4,34.0,7748,7,5,0,74.9,True,False,False,True,False,False,True,False,False
1,1,109.6,119.6,148.7,29.2,4357,3,5,0,43.6,True,False,False,False,True,False,True,False,False
1,1,312.36,340.8,417.9,77.2,11026,7,4,0,90.4,False,False,True,False,True,False,True,False,False
1,1,269.1,293.6,309.6,16.0,5403,7,4,0,72.5,False,True,False,False,True,False,True,False,False
2,1,238.24,357.4,414.7,57.3,9088,5,3,0,63.3,False,True,False,False,True,False,True,False,False
1,1,104.73,114.2,115.9,1.7,8711,9,0,0,63.5,True,False,False,False,True,False,True,False,False
0,0,251.04,231.7,231.7,0.0,5456,11,4,0,83.0,True,False,False,False,True,False,True,False,False
1,0,332.37,362.6,375.0,12.4,9931,7,3,0,25.7,True,False,False,False,True,False,False,True,False
2,1,40.19,60.3,108.5,48.2,14386,7,6,0,57.6,True,False,False,False,True,False,False,True,False
0,1,120.9,120.9,147.6,26.7,6528,5,6,0,68.2,False,True,False,True,False,False,True,False,False
1,1,89.79,98.0,129.1,31.1,10915,5,8,0,68.0,False,True,False,False,True,False,True,False,False
2,2,138.14,236.8,326.1,89.3,7203,5,5,0,100.0,False,True,False,True,False,False,True,False,False
1,1,262.39,286.2,332.4,46.2,11157,6,6,0,64.9,True,False,False,False,True,False,True,False,False
2,2,167.54,251.3,317.9,66.6,7388,4,6,0,84.9,False,False,True,False,True,False,False,True,False
1,1,204.05,222.6,274.8,52.2,9593,9,8,0,97.2,False,True,False,False,True,False,True,False,False
1,0,116.81,127.4,151.9,24.5,10202,4,3,0,80.1,False,True,False,False,True,False,False,True,False
1,0,58.04,63.3,77.3,14.0,12585,2,5,0,59.9,True,False,False,False,True,False,True,False,False
2,2,103.8,177.9,217.5,39.6,6904,6,8,0,50.7,True,False,False,True,False,False,False,True,False
1,0,302.29,329.8,349.2,19.4,2075,6,4,0,81.2,True,False,False,False,True,False,False,False,True
1,2,214.82,234.4,290.1,55.8,6859,5,9,0,94.7,True,False,False,False,True,False,False,False,True
1,0,138.52,151.1,167.2,16.1,8825,4,4,0,78.2,False,True,False,False,True,False,False,True,False
1,1,278.57,303.9,332.1,28.2,6462,1,2,0,88.5,False,True,False,False,True,False,True,False,False
1,2,31.92,34.8,75.1,40.3,500,6,7,0,100.0,False,False,True,False,True,False,True,False,False
1,1,96.32,105.1,130.2,25.1,7186,3,3,0,82.6,True,False,False,False,True,False,True,False,False
2,1,89.16,133.7,150.5,16.8,8991,9,4,0,53.5,True,False,False,False,True,False,False,True,False
1,0,345.02,376.4,394.3,18.0,7687,4,8,0,70.8,True,False,False,False,True,False,False,True,False
1,1,250.07,300.1,333.3,33.2,6801,5,7,0,90.6,True,False,False,True,False,False,True,False,False
1,0,220.05,293.4,310.4,17.0,12781,2,4,0,66.3,True,False,False,False,False,True,False,False,True
1,0,11.69,30.0,30.0,0.0,9858,5,8,0,92.6,True,False,False,False,True,False,True,False,False
1,0,72.67,87.2,114.6,27.4,4579,4,2,0,69.0,True,False,False,True,False,False,True,False,False
0,0,226.08,226.1,259.7,33.6,5524,3,4,0,75.0,False,True,False,True,False,False,False,False,True
0,1,139.1,128.4,131.8,3.4,9144,3,5,0,64.7,True,False,False,False,True,False,True,False,False
1,1,324.26,389.1,427.4,38.3,5906,5,1,0,72.4,False,True,False,True,False,False,True,False,False
1,1,270.01,324.0,364.7,40.7,3718,7,3,0,73.2,False,True,False,True,False,False,False,False,True
1,0,162.11,216.1,236.7,20.5,11034,6,4,0,45.9,True,False,False,False,False,True,False,False,True
0,1,264.84,288.9,331.6,42.6,10737,5,7,0,63.4,False,True,False,False,False,True,False,False,True
1,1,341.64,372.7,434.9,62.2,6941,5,5,0,51.5,False,True,False,False,True,False,True,False,False
0,1,166.73,153.9,173.1,19.2,10490,3,8,0,63.9,True,False,False,False,True,False,True,False,False
1,1,228.46,249.2,282.0,32.8,9236,9,9,0,58.1,True,False,False,False,True,False,False,False,True
2,1,319.68,479.5,547.4,67.9,13983,5,7,0,85.2,False,True,False,False,True,False,False,True,False
0,0,94.55,87.3,87.3,0.0,9976,12,2,0,85.4,True,False,False,False,True,False,True,False,False
1,0,311.43,415.2,431.3,16.1,11147,8,4,0,78.4,True,False,False,False,False,True,False,True,False
0,0,43.17,39.8,50.2,10.3,10841,8,4,0,51.0,True,False,False,False,True,False,False,False,True
0,2,230.47,212.7,244.2,31.5,10925,4,8,0,68.5,False,True,False,False,True,False,False,True,False
0,0,276.16,276.2,318.6,42.4,8773,5,2,0,49.8,False,True,False,True,False,False,False,False,True
0,0,218.97,202.1,230.8,28.7,6090,5,4,0,67.8,False,True,False,False,True,False,True,False,False
1,1,178.48,194.7,250.5,55.8,10340,7,10,0,79.7,False,True,False,False,True,False,False,False,True
2,1,215.76,431.5,495.8,64.2,9976,5,2,0,84.9,True,False,False,False,False,True,True,False,False
0,0,61.57,56.8,61.8,5.0,5209,3,2,0,77.1,True,False,False,False,True,False,True,False,False
1,0,83.29,90.9,101.3,10.5,9636,8,3,0,88.9,True,False,False,False,True,False,True,False,False
1,0,101.77,111.0,125.1,14.1,7408,6,6,0,73.9,True,False,False,False,True,False,True,False,False
2,2,222.58,445.2,512.6,67.4,15370,6,4,0,66.5,False,True,False,False,False,True,False,False,True
1,0,160.25,174.8,197.8,23.0,8120,6,4,0,83.1,True,False,False,False,True,False,False,True,False
0,0,93.12,86.0,88.0,2.0,12207,11,3,0,83.6,True,False,False,False,True,False,True,False,False
1,0,310.16,338.4,376.0,37.6,12020,8,4,0,62.1,False,True,False,False,True,False,True,False,False
1,1,137.13,149.6,201.7,52.1,11367,5,9,0,75.7,False,True,False,False,True,False,False,True,False
2,2,167.43,334.9,459.2,124.3,10655,6,11,1,65.6,True,False,False,False,False,True,True,False,False
1,0,149.3,162.9,185.9,23.1,10489,4,8,0,39.9,True,False,False,False,True,False,True,False,False
1,0,71.86,95.8,123.2,27.4,9423,10,8,0,76.6,True,False,False,False,False,True,False,True,False
0,1,258.75,238.8,242.7,3.9,6237,4,4,0,50.6,True,False,False,False,True,False,False,True,False
1,0,162.48,177.2,199.2,22.0,6736,3,7,0,74.9,True,False,False,False,True,False,False,False,True
2,1,13.38,30.0,74.7,44.7,5700,5,4,0,47.0,True,False,False,True,False,False,True,False,False
1,0,337.76,368.5,394.0,25.5,12503,6,3,0,59.2,True,False,False,False,True,False,False,False,True
1,2,287.36,313.5,362.5,49.1,11692,6,5,0,63.5,False,True,False,False,True,False,False,True,False
2,0,249.51,427.7,449.7,22.0,4907,12,4,0,88.0,True,False,False,True,False,False,False,True,False
2,1,296.07,444.1,482.1,38.0,9133,4,5,0,62.0,True,False,False,False,True,False,True,False,False
1,2,318.31,347.3,381.7,34.5,7993,9,3,0,53.9,True,False,False,False,True,False,False,True,False
1,1,124.75,166.3,200.2,33.8,11467,6,7,0,75.5,True,False,False,False,False,True,False,False,True
1,1,217.73,237.5,284.6,47.1,7660,3,5,0,66.7,False,True,False,False,True,False,True,False,False
1,0,216.99,236.7,249.2,12.4,12514,4,3,0,81.9,True,False,False,False,True,False,True,False,False
1,0,100.88,110.1,110.1,0.0,8953,4,6,0,54.8,False,True,False,False,True,False,True,False,False
0,0,85.46,78.9,86.4,7.5,9540,4,3,0,73.2,False,True,False,False,True,False,False,True,False
2,1,44.21,66.3,87.9,21.6,9561,6,6,0,100.0,True,False,False,False,True,False,True,False,False
2,2,238.75,409.3,470.3,61.0,8009,0,4,0,66.4,False,True,False,True,False,False,False,False,True
2,2,271.71,407.6,468.9,61.4,9271,8,5,0,72.8,True,False,False,False,True,False,True,False,False
2,1,269.53,462.0,509.8,47.7,6285,8,6,0,45.1,True,False,False,True,False,False,False,False,True
1,2,117.53,128.2,157.1,28.9,12682,4,3,0,57.2,True,False,False,False,True,False,True,False,False
1,1,79.79,87.0,101.8,14.8,6130,3,6,0,76.9,False,True,False,False,True,False,False,True,False
1,0,164.23,179.2,189.4,10.3,5203,7,5,0,65.1,True,False,False,False,True,False,False,False,True
1,1,195.92,235.1,261.1,26.0,6362,6,6,0,79.2,True,False,False,True,False,False,False,False,True
1,0,322.49,351.8,366.8,15.0,11773,5,3,0,76.4,True,False,False,False,True,False,False,False,True
0,0,307.44,283.8,296.7,12.9,9899,7,4,0,50.2,True,False,False,False,True,False,False,False,True
1,2,321.46,385.8,530.5,144.8,7317,11,8,1,85.2,False,True,False,True,False,False,False,True,False
0,0,299.09,276.1,292.8,16.7,5599,2,5,0,51.4,True,False,False,False,True,False,True,False,False
0,0,337.96,312.0,317.7,5.7,7570,9,5,0,58.5,True,False,False,False,True,False,False,True,False
1,0,168.27,224.4,250.0,25.7,9014,2,5,0,73.4,True,False,False,False,False,True,True,False,False
1,0,26.14,30.0,55.0,25.0,8644,8,6,0,93.5,False,True,False,False,True,False,False,False,True
0,0,38.41,35.5,35.5,0.0,3589,4,1,0,54.9,True,False,False,False,True,False,False,True,False
2,1,145.13,217.7,240.7,23.0,12332,4,5,0,72.2,True,False,False,False,True,False,False,True,False
2,2,101.35,152.0,206.0,53.9,12887,3,3,0,72.3,True,False,False,False,True,False,True,False,False
0,1,67.78,62.6,105.2,42.7,9352,10,8,0,79.9,False,False,True,False,True,False,True,False,False
0,1,334.09,334.1,397.8,63.7,9986,8,7,0,87.8,False,False,True,True,False,False,False,True,False
1,1,76.44,83.4,132.5,49.1,9939,4,7,0,63.9,False,True,False,False,True,False,True,False,False
1,2,336.19,403.4,432.1,28.7,6822,9,3,0,85.2,True,False,False,True,False,False,False,True,False
2,2,264.8,529.6,628.0,98.4,10096,6,5,0,90.0,False,False,True,False,False,True,True,False,False
0,1,227.92,227.9,244.3,16.4,5764,6,5,0,96.8,False,True,False,True,False,False,True,False,False
1,1,239.85,287.8,330.7,42.9,6223,6,3,0,77.5,False,True,False,True,False,False,False,False,True
0,0,122.7,122.7,145.3,22.6,7267,4,4,0,72.4,True,False,False,True,False,False,True,False,False
1,1,229.79,306.4,330.1,23.8,15158,4,8,0,62.9,True,False,False,False,False,True,True,False,False
2,2,81.78,122.7,172.1,49.5,4183,5,7,0,48.1,True,False,False,False,True,False,True,False,False
0,1,328.82,303.5,344.1,40.6,14660,6,2,0,65.8,False,False,True,False,True,False,False,True,False
0,0,112.61,103.9,124.1,20.1,9349,7,3,0,71.7,True,False,False,False,True,False,False,False,True
1,0,96.76,105.6,105.6,0.0,11167,3,2,0,68.4,True,False,False,False,True,False,False,True,False
1,0,251.8,274.7,297.0,22.3,7846,7,9,0,79.0,True,False,False,False,True,False,True,False,False
2,0,233.2,399.8,433.5,33.7,6653,7,4,0,48.2,True,False,False,True,False,False,True,False,False
2,0,168.8,253.2,289.3,36.1,12565,6,5,0,67.3,True,False,False,False,True,False,True,False,False
0,1,225.03,245.5,269.4,23.9,11524,9,7,0,99.9,False,True,False,False,False,True,True,False,False
0,0,64.23,59.3,75.0,15.8,9872,7,1,0,84.9,False,True,False,False,True,False,True,False,False
1,1,238.93,260.7,297.4,36.7,10108,3,5,0,79.2,False,True,False,False,True,False,True,False,False
0,0,102.01,94.2,114.3,20.1,9185,4,9,0,75.9,True,False,False,False,True,False,True,False,False
2,1,102.44,153.7,216.2,62.6,7039,5,6,0,64.5,False,True,False,False,True,False,False,False,True
1,1,65.14,71.1,87.2,16.1,8626,6,2,0,43.7,True,False,False,False,True,False,True,False,False
0,0,123.01,113.5,129.5,16.0,6625,8,3,0,76.9,False,True,False,False,True,False,False,False,True
2,0,130.37,195.5,226.5,30.9,11023,6,5,0,33.3,True,False,False,False,True,False,True,False,False
0,2,164.42,151.8,183.7,31.9,10429,6,3,0,65.1,True,False,False,False,True,False,False,False,True
1,0,74.74,81.5,127.2,45.7,8946,2,1,1,69.9,True,False,False,False,True,False,False,False,True
1,0,75.62,82.5,89.1,6.6,7579,10,3,0,63.3,True,False,False,False,True,False,False,True,False
1,1,194.19,211.8,230.4,18.6,14268,11,6,0,100.0,True,False,False,False,True,False,False,True,False
1,0,53.82,58.7,73.3,14.6,5745,8,8,0,97.4,True,False,False,False,True,False,True,False,False
1,0,244.22,266.4,350.3,83.8,5138,6,7,1,85.5,True,False,False,False,True,False,True,False,False
2,1,339.11,508.7,541.7,33.1,8795,3,2,0,56.1,True,False,False,False,True,False,False,True,False
2,1,159.73,239.6,291.5,51.9,8355,8,8,0,98.8,True,False,False,False,True,False,False,True,False
1,2,316.38,379.7,468.0,88.3,4851,8,7,0,79.3,False,False,True,True,False,False,False,False,True
0,1,43.43,47.4,78.4,31.0,10572,6,5,0,55.9,True,False,False,False,False,True,True,False,False
1,0,24.61,32.8,51.2,18.4,12339,12,3,0,70.5,True,False,False,False,False,True,False,False,True
2,1,255.45,383.2,415.9,32.8,10251,9,5,0,84.4,True,False,False,False,True,False,False,True,False
1,0,268.75,293.2,310.1,17.0,10205,9,2,0,61.0,True,False,False,False,True,False,True,False,False
1,0,296.64,323.6,381.5,57.9,14259,8,8,0,72.1,False,False,True,False,True,False,True,False,False
1,2,29.32,35.2,75.7,40.5,4550,5,3,0,74.7,True,False,False,True,False,False,False,True,False
0,1,274.15,274.1,307.8,33.6,9434,5,7,0,53.5,False,True,False,True,False,False,False,False,True
1,0,138.02,165.6,188.4,22.8,4585,6,4,0,65.9,True,False,False,True,False,False,True,False,False
1,0,113.13,135.8,168.7,32.9,3886,8,8,0,54.6,True,False,False,True,False,False,True,False,False
1,0,68.83,75.1,80.0,4.9,8918,9,1,0,83.0,True,False,False,False,True,False,False,False,True
2,2,339.32,581.7,674.5,92.8,7982,4,2,0,56.4,False,False,True,True,False,False,False,False,True
2,1,29.31,50.2,91.3,41.0,5726,3,8,0,74.4,True,False,False,True,False,False,False,False,True
1,2,291.18,317.7,381.0,63.4,9746,6,7,0,49.1,True,False,False,False,True,False,True,False,False
1,0,227.43,303.2,326.2,22.9,10702,9,2,0,53.0,True,False,False,False,False,True,True,False,False
1,0,259.93,283.6,298.3,14.7,11758,4,6,0,52.3,True,False,False,False,True,False,False,False,True
2,2,255.79,511.6,592.9,81.3,11129,4,13,0,65.7,True,False,False,False,False,True,True,False,False
1,1,301.87,362.2,381.7,19.5,2277,8,4,0,72.7,True,False,False,True,False,False,True,False,False
2,0,70.8,106.2,126.8,20.6,8210,4,1,0,75.5,True,False,False,False,True,False,False,False,True
0,1,10.28,30.0,158.7,128.7,8724,7,5,1,43.4,False,True,False,True,False,False,True,False,False
2,2,214.26,321.4,386.8,65.4,11445,5,5,0,67.5,False,True,False,False,True,False,False,False,True
0,0,130.31,130.3,141.6,11.3,5607,3,2,0,58.7,True,False,False,True,False,False,True,False,False
0,0,52.09,52.1,60.8,8.7,4563,6,5,0,78.0,True,False,False,True,False,False,False,False,True
1,1,73.29,87.9,120.1,32.1,6417,6,10,0,66.0,True,False,False,True,False,False,False,False,True
0,2,122.79,122.8,165.1,42.3,6658,8,5,0,68.8,False,True,False,True,False,False,False,False,True
0,0,33.88,31.3,37.1,5.8,8357,9,4,0,58.8,True,False,False,False,True,False,False,True,False
0,0,29.35,30.0,45.5,15.5,8914,5,4,0,95.9,False,True,False,False,True,False,True,False,False
1,1,321.45,350.7,366.8,16.1,8860,9,4,0,50.7,False,True,False,False,True,False,False,True,False
1,1,116.11,126.7,169.3,42.6,10125,5,7,0,64.0,False,True,False,False,True,False,True,False,False
0,0,343.96,317.5,331.8,14.3,6128,6,4,0,71.6,True,False,False,False,True,False,False,True,False
1,1,337.88,368.6,459.9,91.3,10406,5,7,0,66.2,False,False,True,False,True,False,True,False,False
2,1,65.67,98.5,133.8,35.3,7198,1,3,0,58.5,True,False,False,False,True,False,False,False,True
0,0,253.07,233.6,253.7,20.1,7285,7,6,0,42.8,True,False,False,False,True,False,True,False,False
0,2,214.27,214.3,233.1,18.8,6138,4,0,0,59.6,True,False,False,True,False,False,True,False,False
2,1,239.8,359.7,371.8,12.1,6512,7,6,0,55.6,True,False,False,False,True,False,True,False,False
2,2,33.09,56.7,89.9,33.2,5831,8,3,0,95.2,False,True,False,True,False,False,True,False,False
1,1,74.11,80.8,119.5,38.7,9253,8,5,0,100.0,False,True,False,False,True,False,True,False,False
2,0,36.79,55.2,101.6,46.4,4879,7,4,0,69.2,True,False,False,False,True,False,True,False,False
0,1,215.41,198.8,242.6,43.7,12411,3,7,0,48.9,False,False,True,False,True,False,False,False,True
1,0,345.44,376.8,396.5,19.7,9776,6,6,0,81.1,True,False,False,False,True,False,True,False,False
1,1,238.47,260.2,271.8,11.6,9985,3,3,0,55.3,True,False,False,False,True,False,True,False,False
0,0,251.66,232.3,237.5,5.2,11518,12,5,0,61.8,True,False,False,False,True,False,False,True,False
1,0,344.76,376.1,429.7,53.6,12748,5,6,0,60.6,False,False,True,False,True,False,False,False,True
1,0,240.52,262.4,278.7,16.3,9503,3,7,0,62.5,True,False,False,False,True,False,True,False,False
1,2,23.66,30.0,56.3,26.3,10543,7,6,0,64.7,True,False,False,False,True,False,True,False,False
1,0,304.78,332.5,343.8,11.3,9928,7,5,0,50.3,True,False,False,False,True,False,True,False,False
1,2,133.99,160.8,256.0,95.2,7932,6,5,0,59.5,False,False,True,True,False,False,False,False,True
0,0,11.48,30.0,37.3,7.3,5041,1,11,0,85.3,False,True,False,False,True,False,False,True,False
0,0,182.46,199.0,239.6,40.5,11504,7,7,0,69.5,False,True,False,False,False,True,False,False,True
1,1,328.59,394.3,427.9,33.6,5365,5,4,0,71.9,False,True,False,True,False,False,False,True,False
0,0,97.49,106.4,136.1,29.8,7260,3,10,0,36.5,False,True,False,False,False,True,False,False,True
0,1,177.11,177.1,196.1,19.0,6060,2,6,0,84.2,True,False,False,True,False,False,False,True,False
0,0,69.08,63.8,80.2,16.5,11744,4,1,0,59.7,True,False,False,False,True,False,False,False,True
0,1,29.62,30.0,55.7,25.7,8226,4,6,0,86.9,False,True,False,False,True,False,False,False,True
2,2,43.52,65.3,129.8,64.5,3770,3,4,0,72.3,False,True,False,False,True,False,False,False,True
1,1,257.18,308.6,345.7,37.1,4210,5,3,0,61.6,True,False,False,True,False,False,False,False,True
2,1,296.46,444.7,478.6,33.9,6637,6,6,0,44.8,True,False,False,False,True,False,True,False,False
0,1,58.72,54.2,91.0,36.8,13452,6,6,0,100.0,False,True,False,False,True,False,True,False,False
1,1,108.03,144.0,171.5,27.4,9480,10,6,0,82.0,True,False,False,False,False,True,True,False,False
1,2,76.31,83.2,137.2,53.9,8431,7,2,0,82.9,False,False,True,False,True,False,True,False,False
1,0,19.13,30.0,30.1,0.1,10148,3,5,0,97.3,True,False,False,False,True,False,False,True,False
2,1,199.21,341.5,381.4,39.9,7236,3,3,0,73.4,True,False,False,True,False,False,False,False,True
2,1,254.69,382.0,418.5,36.4,11500,3,4,0,90.3,False,True,False,False,True,False,True,False,False
2,1,225.87,338.8,384.7,45.9,9596,0,10,0,62.8,True,False,False,False,True,False,True,False,False
0,0,141.94,141.9,158.1,16.1,7009,7,5,0,81.1,True,False,False,True,False,False,True,False,False
0,0,198.7,183.4,183.4,0.0,9294,6,5,0,60.5,True,False,False,False,True,False,False,True,False
1,0,41.99,45.8,67.4,21.5,10455,3,5,0,62.4,False,True,False,False,True,False,False,True,False
0,1,62.46,57.7,60.8,3.1,6659,10,1,0,71.5,True,False,False,False,True,False,True,False,False
1,1,326.81,392.2,429.0,36.8,2837,5,5,0,51.0,True,False,False,True,False,False,True,False,False
1,1,268.91,293.4,437.9,144.6,8280,1,7,1,74.9,False,True,False,False,True,False,False,True,False
1,2,323.73,431.6,532.7,101.1,14976,9,6,0,65.3,False,False,True,False,False,True,False,False,True
2,2,313.79,537.9,581.5,43.6,6120,8,5,0,40.2,True,False,False,True,False,False,False,True,False
1,1,230.79,251.8,296.2,44.4,5451,3,6,0,63.1,True,False,False,False,True,False,True,False,False
0,0,325.6,300.6,325.9,25.4,10652,7,6,0,64.8,True,False,False,False,True,False,True,False,False
0,0,151.68,140.0,179.7,39.7,6924,4,2,1,82.8,True,False,False,False,True,False,False,False,True
1,0,11.23,30.0,60.1,30.1,8137,3,4,0,74.3,True,False,False,True,False,False,True,False,False
1,1,31.27,34.1,73.8,39.6,11337,6,3,0,91.7,False,True,False,False,True,False,False,True,False
0,0,47.23,43.6,54.7,11.1,8011,5,1,0,77.8,True,False,False,False,True,False,False,False,True
1,1,42.42,46.3,86.2,39.9,6590,6,6,0,61.7,True,False,False,False,True,False,True,False,False
1,2,129.58,172.8,233.8,61.0,9877,6,6,0,69.1,False,True,False,False,False,True,True,False,False
2,2,245.57,368.3,405.1,36.7,11182,4,1,0,64.8,True,False,False,False,True,False,False,False,True
1,1,278.82,334.6,354.9,20.4,4549,4,3,0,77.3,True,False,False,True,False,False,False,True,False
1,2,210.67,229.8,305.6,75.8,12671,6,5,1,70.9,False,True,False,False,True,False,True,False,False
0,1,59.79,65.2,105.7,40.4,14754,7,8,0,60.6,False,True,False,False,False,True,False,False,True
1,1,264.29,288.3,327.7,39.4,7449,5,5,0,70.1,False,True,False,False,True,False,True,False,False
1,1,130.63,142.5,163.0,20.5,6496,7,3,0,76.9,True,False,False,False,True,False,False,True,False
1,0,14.42,30.0,55.2,25.2,6547,6,6,0,54.9,True,False,False,False,False,True,False,False,True
1,1,105.4,140.5,210.7,70.2,10078,5,3,0,74.8,False,False,True,False,False,True,True,False,False
0,2,122.4,113.0,136.0,23.0,12474,4,4,0,46.3,True,False,False,False,True,False,False,False,True
0,0,103.24,95.3,189.0,93.7,9059,3,6,1,86.6,True,False,False,False,True,False,False,False,True
0,0,286.04,264.0,289.5,25.5,12033,4,4,0,77.9,True,False,False,False,True,False,False,False,True
2,2,265.06,397.6,476.5,78.9,8464,6,5,0,94.4,False,True,False,False,True,False,True,False,False
1,1,246.49,268.9,335.6,66.7,7046,8,5,0,53.3,False,False,True,False,True,False,False,False,True
0,0,57.26,57.3,58.8,1.5,2931,12,5,0,87.0,True,False,False,True,False,False,False,True,False
2,1,292.12,438.2,523.6,85.4,7734,6,3,0,84.0,False,False,True,False,True,False,True,False,False
1,0,240.24,288.3,298.9,10.6,6854,8,6,0,67.3,True,False,False,True,False,False,True,False,False
1,0,76.24,83.2,91.1,7.9,14024,8,6,0,64.4,True,False,False,False,True,False,False,True,False
2,0,231.49,347.2,416.4,69.2,10098,5,6,0,53.7,False,True,False,False,True,False,False,False,True
0,1,174.39,174.4,195.4,21.0,3914,7,6,0,49.8,True,False,False,True,False,False,True,False,False
0,0,159.38,147.1,147.1,0.0,13305,9,8,0,58.7,True,False,False,False,True,False,False,True,False
1,1,48.12,57.7,71.5,13.7,8415,10,4,0,51.2,True,False,False,True,False,False,True,False,False
0,0,186.22,171.9,210.4,38.5,8657,7,7,0,93.9,False,False,True,False,True,False,False,True,False
1,0,43.98,58.6,93.4,34.8,9497,4,4,0,47.5,True,False,False,False,False,True,True,False,False
0,1,65.85,65.8,100.0,34.1,7273,7,5,0,72.2,False,False,True,True,False,False,True,False,False
0,1,55.07,55.1,75.0,19.9,8733,7,6,0,76.5,False,True,False,True,False,False,False,True,False
0,0,334.4,308.7,333.7,25.1,10964,6,7,0,75.4,True,False,False,False,True,False,False,False,True
1,1,106.85,116.6,212.1,95.5,12265,4,4,1,76.7,False,True,False,False,True,False,True,False,False
0,0,130.77,120.7,130.3,9.6,12337,7,6,0,84.2,True,False,False,False,True,False,False,True,False
0,0,119.51,110.3,114.1,3.8,9004,3,7,0,63.3,True,False,False,False,True,False,False,True,False
2,2,321.07,481.6,537.0,55.4,7779,7,4,0,71.3,False,True,False,False,True,False,False,True,False
1,0,201.41,219.7,237.1,17.4,8711,4,1,0,65.6,False,True,False,False,True,False,True,False,False
1,0,322.51,351.8,388.6,36.7,6533,6,5,0,89.5,True,False,False,False,True,False,True,False,False
0,0,111.97,103.4,109.1,5.7,8835,5,5,0,100.0,True,False,False,False,True,False,False,False,True
1,2,49.04,53.5,92.0,38.5,8989,3,5,0,52.1,False,True,False,False,True,False,False,True,False
0,1,199.11,183.8,271.8,88.0,13223,4,9,1,39.5,False,True,False,False,True,False,True,False,False
1,1,127.48,139.1,183.2,44.2,10483,5,7,0,78.5,False,True,False,False,True,False,True,False,False
0,0,282.65,282.6,291.7,9.1,5991,7,5,0,86.1,True,False,False,True,False,False,True,False,False
2,1,302.92,454.4,488.2,33.8,3601,8,5,0,99.4,True,False,False,False,True,False,True,False,False
2,0,176.68,265.0,297.6,32.6,5957,11,2,0,81.1,True,False,False,False,True,False,False,False,True
0,0,340.26,314.1,324.8,10.7,8112,11,3,0,90.9,False,True,False,False,True,False,True,False,False
0,1,198.02,198.0,309.9,111.8,6494,3,2,1,94.9,False,True,False,True,False,False,False,False,True
0,0,102.11,94.3,106.0,11.8,8726,10,0,0,92.0,True,False,False,False,True,False,False,False,True
1,0,176.25,192.3,211.4,19.1,5330,6,7,0,83.2,True,False,False,False,True,False,True,False,False
0,1,22.69,30.0,37.5,7.5,14550,9,7,0,50.8,True,False,False,False,False,True,False,True,False
2,2,274.77,412.2,510.7,98.6,6006,2,4,0,69.9,False,True,False,False,True,False,True,False,False
1,0,44.49,59.3,120.6,61.3,7057,7,2,1,74.5,False,True,False,False,False,True,True,False,False
2,2,114.28,195.9,218.6,22.6,4516,7,6,0,68.5,True,False,False,True,False,False,True,False,False
1,0,202.21,220.6,238.2,17.7,8121,5,5,0,69.4,True,False,False,False,True,False,False,False,True
2,0,20.19,30.3,76.6,46.3,9433,3,2,0,93.5,True,False,False,False,True,False,True,False,False
0,0,36.97,37.0,63.6,26.6,5466,5,9,0,58.6,True,False,False,True,False,False,False,True,False
1,2,246.68,328.9,390.6,61.7,17172,3,6,0,82.0,False,True,False,False,False,True,True,False,False
1,0,34.4,37.5,44.7,7.2,6898,10,4,0,74.7,True,False,False,False,True,False,True,False,False
2,1,178.55,267.8,306.3,38.5,8223,8,3,0,57.1,True,False,False,False,True,False,False,True,False
1,2,125.16,136.5,228.2,91.7,9843,4,6,0,53.9,False,False,True,False,True,False,False,True,False
2,1,87.78,131.7,180.1,48.4,12547,5,3,0,44.5,True,False,False,False,True,False,False,False,True
0,0,74.18,74.2,86.9,12.7,6656,11,1,0,77.3,True,False,False,True,False,False,True,False,False
2,0,275.87,413.8,464.9,51.1,5952,9,6,0,69.1,True,False,False,False,True,False,True,False,False
1,1,333.52,400.2,424.9,24.7,5734,2,8,0,57.6,True,False,False,True,False,False,True,False,False
1,0,57.66,69.2,90.5,21.3,8181,9,6,0,41.9,True,False,False,True,False,False,False,False,True
2,1,346.26,593.6,648.3,54.7,3874,5,4,0,76.5,True,False,False,True,False,False,False,False,True
1,0,212.22,254.7,272.6,18.0,3601,2,3,0,67.4,True,False,False,True,False,False,True,False,False
1,1,228.16,273.8,302.7,28.9,6331,4,6,0,59.3,True,False,False,True,False,False,False,False,True
1,1,251.37,301.6,341.6,40.0,8081,4,6,0,55.5,True,False,False,True,False,False,False,False,True
0,1,249.4,249.4,294.3,44.9,6488,4,1,0,66.4,False,True,False,True,False,False,True,False,False
1,0,288.74,315.0,342.1,27.1,6843,5,4,0,77.0,True,False,False,False,True,False,True,False,False
0,0,174.38,161.0,175.0,14.0,13982,3,4,0,65.1,True,False,False,False,True,False,False,True,False
0,0,191.34,176.6,183.8,7.2,4177,8,3,0,52.2,True,False,False,False,True,False,True,False,False
2,0,115.88,198.7,248.7,50.1,4231,8,6,0,69.1,False,True,False,True,False,False,True,False,False
1,1,45.79,54.9,100.8,45.8,6205,4,3,0,85.7,False,True,False,True,False,False,True,False,False
1,0,235.98,257.4,265.2,7.8,10607,5,2,0,70.6,True,False,False,False,True,False,False,False,True
1,0,21.43,30.0,32.7,2.7,7229,4,4,0,71.0,True,False,False,False,True,False,False,False,True
1,0,103.72,113.1,133.1,20.0,11923,11,3,0,65.1,True,False,False,False,True,False,False,False,True
1,0,42.04,50.4,74.7,24.2,6886,7,2,0,56.7,True,False,False,True,False,False,True,False,False
2,1,82.78,124.2,169.3,45.1,6034,6,6,0,56.2,True,False,False,False,True,False,False,False,True
2,1,220.29,330.4,378.7,48.2,6263,5,7,0,45.1,True,False,False,False,True,False,True,False,False
1,0,223.68,268.4,271.6,3.2,5775,9,7,0,87.7,True,False,False,True,False,False,False,True,False
1,0,153.16,183.8,215.5,31.7,5708,7,6,0,76.9,True,False,False,True,False,False,False,True,False
1,1,40.66,44.4,68.8,24.4,13501,5,5,0,71.2,True,False,False,False,True,False,False,False,True
1,1,157.35,171.7,190.5,18.8,11622,7,2,0,74.4,True,False,False,False,True,False,True,False,False
1,2,129.93,173.2,236.9,63.7,13768,5,6,0,75.1,False,True,False,False,False,True,False,False,True
1,1,254.96,305.9,326.1,20.1,8588,9,3,0,59.0,True,False,False,True,False,False,True,False,False
1,2,206.87,248.2,295.8,47.6,4881,5,3,0,65.1,False,False,True,True,False,False,True,False,False
1,1,177.13,193.2,218.7,25.5,6827,9,4,0,62.9,True,False,False,False,True,False,False,True,False
1,2,175.57,191.5,231.3,39.8,2306,6,3,0,100.0,False,True,False,False,True,False,True,False,False
1,2,338.54,369.3,431.2,61.9,7984,5,8,0,85.3,False,False,True,False,True,False,True,False,False
0,1,267.14,267.1,348.7,81.6,9259,4,7,0,72.5,False,False,True,True,False,False,False,False,True
0,1,178.97,165.2,198.0,32.8,6930,5,11,0,90.5,False,True,False,False,True,False,False,False,True
1,0,172.94,188.7,194.6,5.9,8475,7,1,0,88.6,False,True,False,False,True,False,False,False,True
1,1,19.0,30.0,70.2,40.2,5004,4,9,0,49.3,False,True,False,True,False,False,True,False,False
0,2,330.45,360.5,406.6,46.1,11936,10,4,0,66.7,False,True,False,False,False,True,False,False,True
1,0,118.52,142.2,159.7,17.5,5848,8,3,0,69.8,True,False,False,True,False,False,True,False,False
1,0,97.02,105.8,108.8,2.9,5152,6,4,0,79.2,True,False,False,False,True,False,False,True,False
0,0,349.8,322.9,333.1,10.2,5631,9,1,0,66.6,True,False,False,False,True,False,True,False,False
2,1,244.6,366.9,413.9,47.0,12717,8,6,0,68.5,False,True,False,False,True,False,True,False,False
2,1,18.62,30.0,60.7,30.7,10833,11,5,0,63.1,True,False,False,False,True,False,False,False,True
1,0,31.04,33.9,54.5,20.7,8352,3,4,0,85.7,True,False,False,False,True,False,True,False,False
1,1,18.67,30.0,64.0,34.0,13268,6,2,0,48.3,False,True,False,False,True,False,False,False,True
0,0,213.87,197.4,203.4,5.9,5587,7,3,0,63.6,True,False,False,False,True,False,True,False,False
2,0,36.88,63.2,111.9,48.7,5246,4,10,0,42.3,True,False,False,True,False,False,True,False,False
1,0,327.35,436.5,458.6,22.1,9713,6,2,0,54.6,True,False,False,False,False,True,True,False,False
2,0,334.51,501.8,539.6,37.9,10516,7,3,0,74.8,True,False,False,False,True,False,True,False,False
1,0,195.66,213.4,235.0,21.6,3032,5,5,0,75.0,True,False,False,False,True,False,True,False,False
0,0,219.66,202.8,222.2,19.4,8348,6,5,0,65.3,True,False,False,False,True,False,True,False,False
0,0,109.24,100.8,105.7,4.9,10842,4,6,0,86.9,True,False,False,False,True,False,True,False,False
1,2,31.75,34.6,63.7,29.1,8842,4,9,0,90.3,True,False,False,False,True,False,False,True,False
1,1,260.74,284.4,346.9,62.5,12138,4,3,0,69.0,True,False,False,False,True,False,False,False,True
0,0,44.61,44.6,64.6,19.9,7867,8,4,0,73.8,False,True,False,True,False,False,True,False,False
1,0,39.09,42.6,56.8,14.1,6604,3,3,0,63.2,True,False,False,False,True,False,True,False,False
2,1,113.75,227.5,297.4,69.9,13049,2,4,0,79.4,False,False,True,False,False,True,True,False,False
1,0,14.24,30.0,45.4,15.4,6518,9,5,0,52.1,False,False,True,False,True,False,True,False,False
1,2,157.57,171.9,203.0,31.1,9135,3,7,0,96.9,True,False,False,False,True,False,True,False,False
0,0,250.61,231.3,251.1,19.8,10640,3,8,0,87.1,True,False,False,False,True,False,True,False,False
1,1,282.46,308.1,329.6,21.5,6912,11,4,0,52.0,True,False,False,False,True,False,False,True,False
1,1,215.46,235.1,279.3,44.3,10967,11,5,0,58.2,False,True,False,False,True,False,False,False,True
2,2,298.96,597.9,674.0,76.1,13283,7,3,0,76.3,False,True,False,False,False,True,True,False,False
1,2,148.21,161.7,195.0,33.3,7548,8,5,0,64.9,False,True,False,False,True,False,True,False,False
1,0,298.58,325.7,356.7,30.9,10767,5,4,0,78.2,True,False,False,False,True,False,True,False,False
0,0,182.2,168.2,172.2,4.0,6910,11,4,0,64.6,False,True,False,False,True,False,True,False,False
0,0,85.83,79.2,88.4,9.2,6783,7,3,0,92.9,True,False,False,False,True,False,False,False,True
1,1,331.01,361.1,396.4,35.3,11603,5,3,0,70.1,False,True,False,False,True,False,True,False,False
1,0,103.49,112.9,119.0,6.1,9271,4,7,0,100.0,True,False,False,False,True,False,True,False,False
1,1,18.91,30.0,57.4,27.4,5611,8,4,0,79.0,False,True,False,True,False,False,True,False,False
2,2,91.99,138.0,212.8,74.8,11139,8,6,0,49.8,False,True,False,False,True,False,False,False,True
2,0,141.48,212.2,256.7,44.5,7983,5,4,0,100.0,True,False,False,False,True,False,True,False,False
2,2,120.87,207.2,260.6,53.4,8471,3,5,0,86.5,False,True,False,True,False,False,False,True,False
0,0,188.39,188.4,194.3,5.9,5122,13,5,0,75.7,True,False,False,True,False,False,True,False,False
1,0,310.26,338.5,362.4,23.9,11259,3,6,0,79.7,False,True,False,False,True,False,True,False,False
2,2,109.62,164.4,205.5,41.1,6850,3,6,0,52.2,True,False,False,False,True,False,True,False,False
1,1,187.06,204.1,262.7,58.6,5890,5,3,0,42.9,False,False,True,False,True,False,False,False,True
0,0,125.65,116.0,120.8,4.8,10599,4,4,0,69.4,True,False,False,False,True,False,True,False,False
2,2,281.9,422.8,551.1,128.3,11014,5,6,0,90.7,False,False,True,False,True,False,True,False,False
1,0,63.58,76.3,115.8,39.5,6807,2,3,0,75.9,False,True,False,True,False,False,True,False,False
1,0,45.19,49.3,53.3,3.9,11282,2,5,0,95.6,True,False,False,False,True,False,True,False,False
2,1,185.62,318.2,364.2,46.0,5688,5,4,0,89.8,False,True,False,True,False,False,True,False,False
1,0,238.44,260.1,293.3,33.1,12367,3,5,0,70.3,False,True,False,False,True,False,False,False,True
1,2,280.48,336.6,400.5,63.9,4209,8,6,0,87.8,False,False,True,True,False,False,False,False,True
1,1,210.47,252.6,262.9,10.3,8104,4,5,0,92.8,True,False,False,True,False,False,False,False,True
1,0,273.11,297.9,329.8,31.9,7891,3,7,0,68.8,True,False,False,False,True,False,False,True,False
0,0,143.52,132.5,149.5,17.0,8860,1,7,0,66.8,True,False,False,False,True,False,True,False,False
1,2,21.18,30.0,47.2,17.2,10102,7,5,0,72.1,False,True,False,False,True,False,False,True,False
2,0,40.84,70.0,143.7,73.7,5478,8,4,1,33.8,True,False,False,True,False,False,True,False,False
0,0,23.17,30.0,47.9,17.9,7077,7,4,0,74.2,True,False,False,False,True,False,True,False,False
1,1,121.84,132.9,248.8,115.9,5431,5,8,1,80.8,True,False,False,False,True,False,False,False,True
2,1,186.32,279.5,305.8,26.3,9588,9,2,0,72.2,True,False,False,False,True,False,True,False,False
0,0,131.15,131.1,144.0,12.8,5926,3,6,0,75.2,True,False,False,True,False,False,True,False,False
1,1,200.6,218.8,297.5,78.6,7368,5,7,1,69.3,False,True,False,False,True,False,False,False,True
1,0,173.41,189.2,216.2,27.0,11051,3,2,0,40.0,False,True,False,False,True,False,True,False,False
1,1,240.5,320.7,335.6,14.9,14001,9,3,0,94.9,True,False,False,False,False,True,True,False,False
0,0,236.77,218.6,241.0,22.4,7275,4,5,0,64.5,True,False,False,False,True,False,False,False,True
1,1,118.14,141.8,196.1,54.3,8170,9,5,0,60.7,False,False,True,True,False,False,True,False,False
1,1,127.71,139.3,168.2,28.8,11322,5,5,0,90.4,True,False,False,False,True,False,True,False,False
1,0,208.95,227.9,245.3,17.3,7011,5,6,0,84.7,True,False,False,False,True,False,True,False,False
0,0,212.79,212.8,234.8,22.0,6047,7,8,0,74.1,True,False,False,True,False,False,False,True,False
1,1,117.0,140.4,178.2,37.8,5228,11,4,0,81.5,False,True,False,True,False,False,False,True,False
1,0,122.31,146.8,172.4,25.6,6030,8,2,0,52.7,True,False,False,True,False,False,False,False,True
0,0,245.98,227.1,238.3,11.3,9360,4,4,0,68.8,False,True,False,False,True,False,True,False,False
0,0,230.12,212.4,228.6,16.2,10401,6,2,0,89.4,False,True,False,False,True,False,True,False,False
0,0,55.92,51.6,52.3,0.7,9794,7,3,0,59.8,True,False,False,False,True,False,True,False,False
1,1,159.95,174.5,206.4,31.9,9683,3,3,0,55.0,False,True,False,False,True,False,False,False,True
0,0,313.52,289.4,328.4,38.9,6304,4,3,0,71.2,False,True,False,False,True,False,False,False,True
2,2,14.72,30.0,76.9,46.9,9971,7,3,0,71.5,True,False,False,False,True,False,False,False,True
1,1,300.76,328.1,365.8,37.7,10378,6,6,0,79.7,True,False,False,False,True,False,True,False,False
2,0,58.79,88.2,99.6,11.4,10722,6,5,0,49.3,True,False,False,False,True,False,False,True,False
2,0,184.28,276.4,343.2,66.8,7201,9,8,0,31.8,True,False,False,False,True,False,True,False,False
0,0,154.27,142.4,148.7,6.2,11289,4,10,0,83.8,True,False,False,False,True,False,True,False,False
1,1,13.44,30.0,52.4,22.4,5648,5,8,0,53.8,False,False,True,True,False,False,True,False,False
2,2,315.14,540.2,578.5,38.2,5245,2,5,0,60.9,True,False,False,True,False,False,False,False,True
1,1,164.67,179.6,203.3,23.6,8311,4,6,0,37.3,True,False,False,False,True,False,False,True,False
1,0,334.45,401.3,442.1,40.8,5841,8,6,0,85.3,False,True,False,True,False,False,True,False,False
1,0,107.49,129.0,131.7,2.7,6605,12,7,0,75.3,True,False,False,True,False,False,False,True,False
0,1,304.53,281.1,330.4,49.3,9554,5,6,0,74.7,False,False,True,False,True,False,True,False,False
1,1,323.61,353.0,413.6,60.5,4436,5,6,0,74.6,False,True,False,False,True,False,True,False,False
2,0,198.76,298.1,334.8,36.7,8013,6,5,0,39.1,True,False,False,False,True,False,True,False,False
2,2,85.75,128.6,160.6,32.0,4629,5,5,0,55.2,True,False,False,False,True,False,True,False,False
0,2,242.98,243.0,352.5,109.6,4629,8,3,1,63.2,False,False,True,True,False,False,False,True,False
1,2,196.65,262.2,331.8,69.6,11765,6,6,0,58.8,False,True,False,False,False,True,True,False,False
1,1,331.14,361.2,470.3,109.0,9315,6,10,1,65.9,False,False,True,False,True,False,True,False,False
2,1,163.76,280.7,329.4,48.7,5217,9,4,0,73.7,True,False,False,True,False,False,True,False,False
0,1,101.29,93.5,118.0,24.5,10511,7,2,0,85.1,False,True,False,False,True,False,False,False,True
2,1,51.04,76.6,96.0,19.4,11445,4,7,0,47.8,False,True,False,False,True,False,False,True,False
2,1,252.74,433.3,480.6,47.3,7781,7,6,0,69.9,True,False,False,True,False,False,False,True,False
0,2,341.2,315.0,372.1,57.1,12275,3,5,1,80.7,True,False,False,False,True,False,True,False,False
0,1,19.64,30.0,39.6,9.6,12115,8,6,0,56.1,False,True,False,False,True,False,True,False,False
2,2,258.94,388.4,452.1,63.7,8834,9,4,0,67.1,True,False,False,False,True,False,True,False,False
0,0,325.16,354.7,427.8,73.1,8846,5,8,1,77.0,True,False,False,False,False,True,False,True,False
1,1,35.43,38.6,47.4,8.8,1243,7,4,0,70.2,False,True,False,False,True,False,True,False,False
2,1,52.59,78.9,101.9,23.1,5890,2,5,0,80.1,True,False,False,False,True,False,False,True,False
1,0,245.27,267.6,303.9,36.4,10297,6,8,0,71.4,True,False,False,False,True,False,False,True,False
1,0,230.31,251.2,276.8,25.5,12002,6,6,0,65.3,True,False,False,False,True,False,False,False,True
1,1,33.4,36.4,58.5,22.0,10822,10,5,0,52.4,True,False,False,False,True,False,False,False,True
0,1,293.7,293.7,355.4,61.7,4006,4,3,0,73.7,False,False,True,True,False,False,True,False,False
2,2,178.35,305.7,384.7,79.0,9515,3,4,0,71.5,False,True,False,True,False,False,True,False,False
1,1,318.45,382.1,423.6,41.4,6031,3,9,0,55.1,True,False,False,True,False,False,True,False,False
0,2,308.52,308.5,358.4,49.8,7576,4,8,0,78.7,False,False,True,True,False,False,True,False,False
0,0,286.25,264.2,284.0,19.7,14455,10,7,0,89.0,False,True,False,False,True,False,False,False,True
2,1,193.79,290.7,330.7,40.0,6260,4,3,0,60.1,True,False,False,False,True,False,True,False,False
0,1,95.58,88.2,126.4,38.2,5320,8,11,0,59.1,False,True,False,False,True,False,False,True,False
2,0,189.53,284.3,334.3,50.0,7947,7,8,0,58.5,True,False,False,False,True,False,False,True,False
1,0,44.28,59.0,156.0,97.0,13294,4,3,0,44.8,False,False,True,False,False,True,True,False,False
2,2,231.43,396.7,459.2,62.4,8327,5,8,0,100.0,False,True,False,True,False,False,True,False,False
2,2,46.6,93.2,145.1,51.9,11471,5,7,0,63.3,False,True,False,False,False,True,True,False,False
2,2,188.65,283.0,340.9,57.9,8915,3,1,0,57.1,True,False,False,False,True,False,True,False,False
2,1,21.5,32.3,70.4,38.1,8979,7,4,0,53.1,False,True,False,False,True,False,False,False,True
0,0,111.83,103.2,115.9,12.6,9147,7,6,0,64.2,True,False,False,False,True,False,False,False,True
1,0,88.91,97.0,107.4,10.4,3219,7,8,0,59.6,True,False,False,False,True,False,False,False,True
1,2,220.81,240.9,281.7,40.9,5212,7,8,0,91.6,True,False,False,False,True,False,True,False,False
1,2,277.51,302.7,332.7,30.0,8037,6,8,0,51.3,False,True,False,False,True,False,False,True,False
2,2,19.53,30.0,81.3,51.3,6893,7,8,0,46.9,True,False,False,False,True,False,False,False,True
2,2,299.31,598.6,717.6,119.0,8622,10,9,0,78.3,False,False,True,False,False,True,False,True,False
1,0,302.66,330.2,379.4,49.2,12510,1,5,0,68.4,False,True,False,False,True,False,False,True,False
1,1,126.37,137.9,181.0,43.2,8814,5,3,0,66.7,True,False,False,False,True,False,False,False,True
1,0,234.06,280.9,299.7,18.9,7961,7,4,0,78.4,True,False,False,True,False,False,True,False,False
1,0,146.89,160.2,170.8,10.6,7017,9,10,0,72.1,True,False,False,False,True,False,False,True,False
1,0,62.42,83.2,121.4,38.2,13780,5,5,0,69.3,False,True,False,False,False,True,True,False,False
1,0,189.75,227.7,256.4,28.7,7405,6,4,0,48.9,False,True,False,True,False,False,True,False,False
0,0,39.36,36.3,36.3,0.0,10490,5,3,0,45.0,True,False,False,False,True,False,True,False,False
0,2,308.68,308.7,347.2,38.5,5171,7,4,0,59.5,False,True,False,True,False,False,True,False,False
1,1,324.26,389.1,430.2,41.1,7865,3,5,0,53.7,True,False,False,True,False,False,True,False,False
1,2,289.35,347.2,415.1,67.9,4811,4,9,0,74.0,False,True,False,True,False,False,True,False,False
2,1,197.42,338.4,404.1,65.7,5385,6,3,0,43.0,False,False,True,True,False,False,False,True,False
1,1,199.58,239.5,291.6,52.1,5641,5,3,0,63.3,False,True,False,True,False,False,False,False,True
0,1,344.77,318.2,345.5,27.3,8093,3,6,0,67.4,False,True,False,False,True,False,False,True,False
0,0,94.29,87.0,126.3,39.3,7401,6,11,0,69.4,False,True,False,False,True,False,False,True,False
0,0,35.82,35.8,35.8,0.0,4025,7,7,0,76.0,True,False,False,True,False,False,True,False,False
2,0,202.41,404.8,460.0,55.2,14814,8,6,0,65.1,True,False,False,False,False,True,False,False,True
0,1,121.79,112.4,175.0,62.5,11206,2,10,1,60.0,True,False,False,False,True,False,False,False,True
1,1,119.6,143.5,184.3,40.8,9030,4,8,0,88.7,True,False,False,True,False,False,True,False,False
2,1,8.34,30.0,65.3,35.3,9880,7,5,0,65.2,False,True,False,False,True,False,False,True,False
2,2,208.76,357.9,423.8,65.9,7901,7,6,0,91.3,False,True,False,True,False,False,False,True,False
0,0,99.77,108.8,125.1,16.2,10940,12,8,0,65.1,False,True,False,False,False,True,True,False,False
0,0,73.87,68.2,68.9,0.7,11181,9,9,0,69.8,True,False,False,False,True,False,False,True,False
0,1,23.75,30.0,35.0,5.0,11087,9,4,0,67.9,False,True,False,False,True,False,True,False,False
0,1,133.88,123.6,123.6,0.0,9095,3,3,0,73.5,True,False,False,False,True,False,False,True,False
0,1,308.85,285.1,307.0,21.9,7914,5,4,0,63.7,True,False,False,False,True,False,False,False,True
1,0,124.47,135.8,165.5,29.7,12457,7,6,0,71.4,False,True,False,False,True,False,True,False,False
2,2,238.51,357.8,420.8,63.0,10631,5,6,0,93.0,False,False,True,False,True,False,False,True,False
1,0,267.23,291.5,316.4,24.9,6926,5,5,0,85.7,False,True,False,False,True,False,False,False,True
1,0,121.55,132.6,151.6,19.0,10135,8,1,0,85.8,True,False,False,False,True,False,True,False,False
0,0,289.36,267.1,308.5,41.4,11093,7,6,0,49.9,False,True,False,False,True,False,False,False,True
2,0,252.08,432.1,474.4,42.3,6063,9,4,0,52.3,True,False,False,True,False,False,False,False,True
1,1,200.14,240.2,275.5,35.4,2763,7,2,0,73.3,False,True,False,True,False,False,True,False,False
2,1,13.41,30.0,99.3,69.3,5700,7,6,0,81.6,False,True,False,True,False,False,False,False,True
2,1,25.14,43.1,86.3,43.2,7499,7,13,0,62.2,True,False,False,True,False,False,True,False,False
1,0,346.89,416.3,457.3,41.0,4852,4,6,0,59.5,True,False,False,True,False,False,True,False,False
0,0,275.98,254.7,265.6,10.8,8324,4,3,0,90.9,True,False,False,False,True,False,False,False,True
0,2,328.77,328.8,389.8,61.0,6275,8,7,0,80.3,False,False,True,True,False,False,True,False,False
1,1,316.78,345.6,365.4,19.9,10344,6,6,0,85.9,True,False,False,False,True,False,True,False,False
2,1,7.85,30.0,50.2,20.2,12956,7,6,0,63.4,False,True,False,False,True,False,False,True,False
1,1,279.23,304.6,329.4,24.8,9206,5,4,0,62.2,False,True,False,False,True,False,False,True,False
1,0,163.39,196.1,235.7,39.6,6631,5,9,0,84.2,True,False,False,True,False,False,False,False,True
1,2,278.45,334.1,394.8,60.6,7524,6,4,0,66.1,True,False,False,True,False,False,False,False,True
0,1,12.28,30.0,46.9,16.9,8038,6,2,0,60.8,False,False,True,False,True,False,False,True,False
1,0,107.99,117.8,122.8,5.0,10769,9,2,0,56.3,True,False,False,False,True,False,False,True,False
1,1,265.45,289.6,300.9,11.3,10882,7,6,0,62.3,True,False,False,False,True,False,True,False,False
1,1,279.63,335.6,388.1,52.6,3293,6,2,0,83.1,False,True,False,True,False,False,True,False,False
1,0,220.7,264.8,305.9,41.1,6986,1,3,0,47.4,False,True,False,True,False,False,True,False,False
0,1,112.43,103.8,148.7,44.9,12191,6,5,0,79.4,False,False,True,False,True,False,True,False,False
1,0,115.52,126.0,140.5,14.4,9188,4,4,0,59.4,True,False,False,False,True,False,True,False,False
0,0,338.7,312.6,338.4,25.8,12418,6,11,0,66.8,True,False,False,False,True,False,False,False,True
2,0,167.44,251.2,299.9,48.7,7183,10,5,0,67.8,True,False,False,False,True,False,False,False,True
0,1,162.02,162.0,183.9,21.9,3635,7,4,0,66.7,True,False,False,True,False,False,False,True,False
0,1,197.79,197.8,223.6,25.8,5839,6,4,0,65.7,True,False,False,True,False,False,True,False,False
1,1,149.23,162.8,186.0,23.2,10982,6,7,0,63.3,True,False,False,False,True,False,True,False,False
1,1,197.91,215.9,232.5,16.6,6464,6,3,0,61.4,True,False,False,False,True,False,True,False,False
1,0,156.99,171.3,180.1,8.9,8196,8,9,0,89.8,True,False,False,False,True,False,True,False,False
1,0,291.08,317.5,338.0,20.5,4351,5,2,0,70.4,True,False,False,False,True,False,True,False,False
2,2,313.83,470.8,533.2,62.4,10486,6,8,0,68.1,False,True,False,False,True,False,False,True,False
1,0,326.92,356.6,393.5,36.9,12117,7,3,0,60.3,False,True,False,False,True,False,True,False,False
1,0,201.86,269.1,295.5,26.4,15455,4,6,0,63.9,True,False,False,False,False,True,False,False,True
1,0,160.33,174.9,196.8,21.9,11032,7,5,0,60.4,True,False,False,False,True,False,True,False,False
0,0,249.78,230.6,238.1,7.5,11099,6,4,0,81.5,True,False,False,False,True,False,False,False,True
1,1,295.03,321.9,448.5,126.6,10749,6,8,1,58.7,True,False,False,False,True,False,False,True,False
0,0,201.41,185.9,192.2,6.3,10536,4,4,0,36.3,True,False,False,False,True,False,False,True,False
1,0,247.99,297.6,317.4,19.8,6157,3,6,0,70.9,True,False,False,True,False,False,True,False,False
0,1,264.91,244.5,244.5,0.0,7361,9,4,0,65.8,True,False,False,False,True,False,False,True,False
2,0,245.49,420.8,472.6,51.7,7206,3,1,0,61.2,True,False,False,True,False,False,True,False,False
1,0,263.69,316.4,339.8,23.4,4960,6,4,0,83.7,True,False,False,True,False,False,False,True,False
2,1,76.71,115.1,168.5,53.5,8161,5,7,0,29.0,True,False,False,False,True,False,True,False,False
1,1,179.45,215.3,250.0,34.7,7227,8,7,0,93.6,True,False,False,True,False,False,False,False,True
0,1,210.01,229.1,276.7,47.6,13335,8,6,0,85.8,False,True,False,False,False,True,False,False,True
2,1,17.85,30.0,86.0,56.0,9575,5,6,0,60.6,False,True,False,False,True,False,False,True,False
1,2,301.03,328.4,361.8,33.4,11264,7,8,0,63.2,False,True,False,False,True,False,False,True,False
1,0,217.41,289.9,324.4,34.5,7739,0,3,0,77.6,True,False,False,False,False,True,True,False,False
1,2,53.91,64.7,115.5,50.8,5033,4,7,0,78.0,False,True,False,True,False,False,False,True,False
1,1,287.56,313.7,345.2,31.5,6701,6,3,0,60.5,True,False,False,False,True,False,True,False,False
2,2,253.38,380.1,425.7,45.7,10112,6,10,0,45.7,True,False,False,False,True,False,True,False,False
1,0,267.82,292.2,325.3,33.1,12228,7,3,0,100.0,False,True,False,False,True,False,True,False,False
1,0,143.29,172.0,180.6,8.6,6421,5,1,0,84.3,True,False,False,True,False,False,True,False,False
1,0,300.43,327.7,350.5,22.8,10638,5,5,0,72.4,True,False,False,False,True,False,True,False,False
1,1,150.77,164.5,218.3,53.9,11676,6,8,0,72.6,False,True,False,False,True,False,False,False,True
2,1,203.07,348.1,416.7,68.6,6092,4,6,0,79.3,False,True,False,True,False,False,True,False,False
1,1,10.22,30.0,111.7,81.7,10043,16,4,0,81.1,False,False,True,False,False,True,False,False,True
1,0,229.26,275.1,302.0,26.9,4464,5,4,0,38.7,True,False,False,True,False,False,True,False,False
2,1,246.79,370.2,415.1,44.9,6869,4,10,0,64.7,True,False,False,False,True,False,False,False,True
1,1,202.82,221.3,249.1,27.8,9804,4,3,0,63.2,False,True,False,False,True,False,True,False,False
1,0,178.83,238.4,265.4,26.9,6406,10,12,0,67.6,True,False,False,False,False,True,True,False,False
1,1,285.38,380.5,464.9,84.4,17238,6,4,1,81.6,False,True,False,False,False,True,False,False,True
0,0,241.67,223.1,228.5,5.4,9561,7,5,0,43.1,True,False,False,False,True,False,False,True,False
1,0,104.55,125.5,145.8,20.3,5298,7,8,0,49.8,True,False,False,True,False,False,False,True,False
0,0,336.08,310.2,313.5,3.2,8727,7,3,0,59.8,True,False,False,False,True,False,True,False,False
0,0,250.47,231.2,246.9,15.7,4359,9,9,0,72.3,False,True,False,False,True,False,False,True,False
1,1,345.9,377.3,398.5,21.1,15593,10,7,0,82.5,True,False,False,False,True,False,False,False,True
1,1,340.23,371.2,383.7,12.6,9328,6,2,0,94.5,True,False,False,False,True,False,False,True,False
2,1,314.71,472.1,510.5,38.5,6499,5,7,0,65.7,True,False,False,False,True,False,True,False,False
0,0,266.83,266.8,295.2,28.4,7444,4,2,0,82.5,True,False,False,True,False,False,True,False,False
0,1,217.21,200.5,218.8,18.3,14090,7,4,0,80.7,True,False,False,False,True,False,True,False,False
2,0,64.51,96.8,147.1,50.4,8494,5,6,0,78.1,False,True,False,False,True,False,False,True,False
0,0,194.74,179.8,197.7,17.9,8752,4,12,0,69.6,True,False,False,False,True,False,True,False,False
0,2,270.23,249.4,398.0,148.5,9595,6,6,1,64.0,False,True,False,False,True,False,True,False,False
0,1,187.09,172.7,201.4,28.7,6223,7,4,0,54.0,False,True,False,False,True,False,False,False,True
1,1,305.2,332.9,426.8,93.9,7273,3,1,1,53.0,True,False,False,False,True,False,False,True,False
2,0,52.75,79.1,116.2,37.1,13455,8,5,0,75.2,True,False,False,False,True,False,False,False,True
1,1,139.52,167.4,211.5,44.1,6971,10,3,0,69.2,False,True,False,True,False,False,False,False,True
1,1,182.03,242.7,279.5,36.8,11452,12,3,0,63.8,True,False,False,False,False,True,True,False,False
0,0,156.99,144.9,155.1,10.1,7870,6,6,0,80.0,True,False,False,False,True,False,False,True,False
1,1,46.92,62.6,95.1,32.5,12772,6,5,0,67.0,False,False,True,False,False,True,True,False,False
1,1,62.2,82.9,192.2,109.2,9365,5,8,1,56.3,False,False,True,False,False,True,True,False,False
0,1,294.79,294.8,320.2,25.5,6113,8,9,0,66.0,False,True,False,True,False,False,True,False,False
0,0,174.69,174.7,189.9,15.2,8771,4,6,0,82.3,True,False,False,True,False,False,True,False,False
1,2,26.57,31.9,76.7,44.8,3919,8,5,0,54.6,False,True,False,True,False,False,False,False,True
0,1,15.61,30.0,65.9,35.9,4846,8,3,0,73.1,False,True,False,True,False,False,False,False,True
1,0,170.98,205.2,231.3,26.2,3284,3,6,0,69.2,True,False,False,True,False,False,True,False,False
1,1,65.89,71.9,100.8,29.0,12267,9,3,0,58.6,False,True,False,False,True,False,True,False,False
0,0,249.74,272.4,285.3,12.8,12568,8,6,0,65.6,True,False,False,False,False,True,True,False,False
1,0,280.41,305.9,351.7,45.8,11312,2,10,0,46.4,True,False,False,False,True,False,True,False,False
1,0,87.62,105.1,116.0,10.8,6152,6,4,0,71.6,True,False,False,True,False,False,False,True,False
1,0,211.34,230.6,248.3,17.7,5841,7,4,0,49.5,True,False,False,False,True,False,False,False,True
2,0,55.34,83.0,98.6,15.6,10442,10,1,0,86.1,True,False,False,False,True,False,True,False,False
1,2,113.22,123.5,175.0,51.5,9904,6,3,0,68.6,False,True,False,False,True,False,True,False,False
2,1,303.16,454.7,534.2,79.4,9258,7,5,0,61.4,False,False,True,False,True,False,False,True,False
0,0,194.99,180.0,180.0,0.0,9037,7,4,0,87.4,True,False,False,False,True,False,False,True,False
1,1,311.2,339.5,401.0,61.5,9579,5,6,0,54.5,False,True,False,False,True,False,False,True,False
0,0,86.58,79.9,123.7,43.8,9789,5,7,0,58.8,False,False,True,False,True,False,True,False,False
1,0,122.21,133.3,145.6,12.2,11797,10,3,0,42.6,True,False,False,False,True,False,False,False,True
1,1,170.12,185.6,203.5,17.9,10191,9,1,0,89.6,True,False,False,False,True,False,True,False,False
0,0,173.23,189.0,208.0,19.0,14994,7,3,0,98.1,True,False,False,False,False,True,False,False,True
1,0,349.2,380.9,400.7,19.7,6900,9,7,0,44.9,True,False,False,False,True,False,True,False,False
1,2,48.91,53.4,93.2,39.8,7819,3,4,0,57.8,False,True,False,False,True,False,False,False,True
0,1,299.67,276.6,293.1,16.5,9653,7,2,0,71.0,True,False,False,False,True,False,True,False,False
0,1,303.65,280.3,291.9,11.6,7235,4,1,0,62.3,True,False,False,False,True,False,False,False,True
1,0,198.09,216.1,225.4,9.3,11365,7,9,0,69.5,True,False,False,False,True,False,True,False,False
1,1,126.97,152.4,164.7,12.3,4087,7,2,0,68.2,True,False,False,True,False,False,False,True,False
1,2,186.54,248.7,319.4,70.6,11047,8,3,0,76.1,False,False,True,False,False,True,True,False,False
0,0,109.44,101.0,115.0,14.0,7403,3,8,0,55.6,True,False,False,False,True,False,False,False,True
1,0,281.7,338.0,363.0,25.0,4935,9,3,0,72.9,True,False,False,True,False,False,True,False,False
2,2,184.81,277.2,332.1,54.9,11840,5,4,0,53.3,True,False,False,False,True,False,False,False,True
1,0,324.79,354.3,384.8,30.5,9325,7,4,0,63.8,True,False,False,False,True,False,False,False,True
1,1,221.72,241.9,274.3,32.5,8494,6,6,0,43.9,True,False,False,False,True,False,True,False,False
2,2,188.94,283.4,345.2,61.8,10747,3,6,0,63.9,True,False,False,False,True,False,True,False,False
2,1,261.57,448.4,490.7,42.3,4497,7,3,0,61.4,True,False,False,True,False,False,True,False,False
1,0,181.34,217.6,255.8,38.2,4081,6,5,0,84.2,True,False,False,True,False,False,True,False,False
2,2,313.02,536.6,585.4,48.8,6322,6,3,0,69.1,False,True,False,True,False,False,False,False,True
2,1,78.98,118.5,159.0,40.5,7974,6,3,0,71.8,False,True,False,False,True,False,True,False,False
1,2,340.94,409.1,461.6,52.5,7001,7,6,0,69.7,False,True,False,True,False,False,True,False,False
1,0,286.14,312.2,345.5,33.3,5666,7,8,0,38.1,False,True,False,False,True,False,True,False,False
0,0,302.65,279.4,293.7,14.3,9793,6,4,0,40.0,False,True,False,False,True,False,True,False,False
0,0,174.19,160.8,172.6,11.8,8536,10,3,0,65.2,True,False,False,False,True,False,True,False,False
1,0,294.65,353.6,368.9,15.3,8413,7,9,0,74.2,True,False,False,True,False,False,False,False,True
1,2,114.3,152.4,210.4,58.0,15534,5,5,0,66.5,True,False,False,False,False,True,True,False,False
1,0,269.06,293.5,297.0,3.5,4190,9,10,0,57.0,True,False,False,False,True,False,False,True,False
1,0,57.75,63.0,76.5,13.5,8271,3,5,0,66.4,False,True,False,False,True,False,False,False,True
1,1,114.4,137.3,161.2,23.9,7689,5,4,0,65.1,True,False,False,True,False,False,True,False,False
2,2,158.83,272.3,355.0,82.7,7205,7,6,0,81.7,False,True,False,True,False,False,False,True,False
0,0,119.59,110.4,131.7,21.3,6741,5,6,0,80.8,False,True,False,False,True,False,False,False,True
0,1,141.59,141.6,171.5,29.9,5123,5,5,0,61.7,True,False,False,True,False,False,False,False,True
1,0,288.84,346.6,429.9,83.3,6160,7,9,0,69.3,False,False,True,True,False,False,True,False,False
2,2,88.85,152.3,203.7,51.4,8473,9,2,0,74.1,True,False,False,True,False,False,False,False,True
2,2,263.18,394.8,471.0,76.3,12187,5,4,0,76.4,False,True,False,False,True,False,True,False,False
2,2,26.57,53.1,103.5,50.4,11682,4,5,0,94.8,True,False,False,False,False,True,False,False,True
2,1,273.91,410.9,456.4,45.5,7851,4,12,0,69.6,True,False,False,False,True,False,True,False,False
1,2,279.29,335.1,380.4,45.2,5384,8,7,0,87.5,True,False,False,True,False,False,True,False,False
1,0,146.58,159.9,166.7,6.8,5920,8,2,0,52.6,True,False,False,False,True,False,False,False,True
0,0,255.64,236.0,253.6,17.7,13438,3,8,0,60.4,True,False,False,False,True,False,True,False,False
1,2,321.15,350.3,407.8,57.4,8458,7,6,0,38.0,False,False,True,False,True,False,True,False,False
2,1,287.62,431.4,455.1,23.7,11186,7,5,0,72.3,False,True,False,False,True,False,False,True,False
1,2,142.75,155.7,185.4,29.7,11181,5,9,0,79.7,True,False,False,False,True,False,True,False,False
1,1,174.63,190.5,211.8,21.3,8619,8,3,0,31.7,True,False,False,False,True,False,True,False,False
0,1,274.98,253.8,278.8,25.0,7802,6,6,0,72.8,True,False,False,False,True,False,True,False,False
0,0,109.48,101.1,101.1,0.0,8893,3,2,0,79.1,True,False,False,False,True,False,False,True,False
0,2,283.32,283.3,376.0,92.6,4760,2,5,0,78.2,False,False,True,True,False,False,False,False,True
0,0,121.54,121.5,140.0,18.5,5335,12,5,0,52.1,True,False,False,True,False,False,False,False,True
2,2,288.63,494.8,562.3,67.5,6511,6,5,0,81.6,True,False,False,True,False,False,False,True,False
1,0,39.51,43.1,57.3,14.2,12711,7,3,0,70.1,True,False,False,False,True,False,False,False,True
2,1,19.32,30.0,46.1,16.1,7163,10,4,0,78.9,True,False,False,False,True,False,False,True,False
1,0,349.21,465.6,501.8,36.2,13142,5,6,0,68.1,True,False,False,False,False,True,False,False,True
0,1,305.62,282.1,318.1,36.0,8494,2,7,0,75.7,False,True,False,False,True,False,False,True,False
0,0,310.17,286.3,300.8,14.5,8605,7,2,0,86.6,False,True,False,False,True,False,False,False,True
2,2,330.06,660.1,714.9,54.7,11476,5,4,0,66.9,False,False,True,False,False,True,True,False,False
0,2,159.03,173.5,218.4,44.9,10473,6,5,0,74.3,False,True,False,False,False,True,True,False,False
2,1,109.99,165.0,204.6,39.6,8108,6,4,0,88.7,True,False,False,False,True,False,True,False,False
0,1,54.21,54.2,92.8,38.6,4942,5,8,0,68.0,False,True,False,True,False,False,False,False,True
1,2,180.41,196.8,243.1,46.3,7741,4,3,0,53.1,False,False,True,False,True,False,False,True,False
2,1,87.85,150.6,196.3,45.7,4369,8,6,0,80.1,False,True,False,True,False,False,False,False,True
0,1,328.09,302.8,340.3,37.4,7751,7,3,0,91.5,False,False,True,False,True,False,False,False,True
0,0,11.36,30.0,133.7,103.7,13158,4,9,1,89.3,False,True,False,False,True,False,False,False,True
2,0,65.83,112.9,156.3,43.4,5513,3,6,0,80.7,False,True,False,True,False,False,False,True,False
0,0,93.8,86.6,88.0,1.4,8137,5,6,0,34.8,True,False,False,False,True,False,False,False,True
1,1,77.65,93.2,116.9,23.7,4842,7,6,0,60.5,False,True,False,True,False,False,True,False,False
1,0,86.76,94.7,126.1,31.4,5032,7,5,0,61.2,True,False,False,False,True,False,True,False,False
0,2,233.06,233.1,262.3,29.3,4193,9,8,0,70.7,True,False,False,True,False,False,True,False,False
1,0,121.35,145.6,262.3,116.7,7475,7,5,1,95.3,False,True,False,True,False,False,True,False,False
1,2,219.11,239.0,289.7,50.7,14591,9,3,0,53.8,False,False,True,False,True,False,True,False,False
1,2,312.69,375.2,447.5,72.3,5429,7,4,0,100.0,False,False,True,True,False,False,True,False,False
2,1,211.33,317.0,365.2,48.2,10093,3,2,0,64.3,True,False,False,False,True,False,True,False,False
0,1,246.14,227.2,250.5,23.3,12228,4,2,0,58.5,False,True,False,False,True,False,True,False,False
0,0,134.27,123.9,147.2,23.3,7435,5,3,0,82.7,False,True,False,False,True,False,False,True,False
1,1,64.31,77.2,181.5,104.3,4364,3,8,1,83.9,True,False,False,True,False,False,True,False,False
2,1,117.93,202.2,257.1,55.0,6983,4,5,0,79.7,True,False,False,True,False,False,False,True,False
0,1,337.86,368.6,491.1,122.5,10352,2,7,1,58.5,True,False,False,False,False,True,True,False,False
0,0,221.42,221.4,238.6,17.2,6363,4,2,0,77.5,False,True,False,True,False,False,False,True,False
1,1,104.35,139.1,188.1,48.9,9322,2,4,0,54.5,True,False,False,False,False,True,False,False,True
2,2,166.08,249.1,319.5,70.4,9591,1,6,0,58.0,False,False,True,False,True,False,False,True,False
0,0,294.07,320.8,354.6,33.8,15854,2,6,0,68.6,True,False,False,False,False,True,False,False,True
1,2,237.27,258.8,326.8,68.0,7242,9,4,0,57.7,False,False,True,False,True,False,False,False,True
1,0,200.62,218.9,234.3,15.4,10676,6,3,0,85.8,True,False,False,False,True,False,True,False,False
1,0,310.96,339.2,358.1,18.9,12421,6,5,0,61.3,False,True,False,False,True,False,True,False,False
0,0,238.63,220.3,229.2,8.9,12001,9,2,0,66.7,True,False,False,False,True,False,False,False,True
0,0,228.53,210.9,225.5,14.5,9883,7,7,0,56.8,True,False,False,False,True,False,True,False,False
1,0,74.52,81.3,120.6,39.3,8774,3,6,0,85.6,False,True,False,False,True,False,True,False,False
1,0,46.17,50.4,106.2,55.8,13339,5,5,0,60.0,False,False,True,False,True,False,False,True,False
2,1,337.09,505.6,561.1,55.5,9039,6,10,0,87.1,False,True,False,False,True,False,True,False,False
1,1,213.61,256.3,286.4,30.0,6366,8,3,0,86.0,True,False,False,True,False,False,False,False,True
1,1,151.33,181.6,216.8,35.2,3148,5,5,0,63.3,True,False,False,True,False,False,True,False,False
2,1,213.24,319.9,359.3,39.4,11088,10,6,0,70.4,True,False,False,False,True,False,True,False,False
1,0,31.02,33.8,33.8,0.0,6507,3,4,0,62.9,True,False,False,False,True,False,True,False,False
1,2,289.52,315.8,344.5,28.7,5902,3,7,0,78.2,False,True,False,False,True,False,True,False,False
2,1,87.45,131.2,196.2,65.1,8256,6,4,0,67.1,False,True,False,False,True,False,False,True,False
0,0,283.55,283.5,297.6,14.1,4787,11,5,0,63.7,False,True,False,True,False,False,False,True,False
1,1,191.69,209.1,252.6,43.5,10112,8,6,0,70.7,False,True,False,False,True,False,True,False,False
1,2,104.03,124.8,178.0,53.1,3993,6,3,0,46.3,False,True,False,True,False,False,True,False,False
0,0,20.27,30.0,38.0,8.0,6624,6,3,0,68.9,False,True,False,True,False,False,False,True,False
1,2,287.38,313.5,326.8,13.3,8181,8,4,0,79.7,True,False,False,False,True,False,True,False,False
0,0,70.0,70.0,88.3,18.3,6398,5,8,0,72.1,True,False,False,True,False,False,True,False,False
0,0,27.61,30.0,58.4,28.4,11951,5,8,0,84.3,False,True,False,False,True,False,True,False,False
1,0,267.0,320.4,357.9,37.5,6428,4,6,0,64.3,False,True,False,True,False,False,False,False,True
0,1,129.01,129.0,155.0,26.0,5708,5,6,0,63.1,True,False,False,True,False,False,True,False,False
1,0,142.37,170.8,196.3,25.4,4348,4,4,0,53.2,True,False,False,True,False,False,True,False,False
2,2,90.2,154.6,224.8,70.2,6530,7,2,0,63.9,False,True,False,True,False,False,False,True,False
2,2,301.39,516.7,553.9,37.2,7320,4,5,0,99.5,True,False,False,True,False,False,False,True,False
0,0,111.09,121.2,150.3,29.1,11541,3,4,0,74.1,True,False,False,False,False,True,False,False,True
0,0,81.47,75.2,86.2,11.0,6737,5,3,0,61.2,False,True,False,False,True,False,False,False,True
0,1,115.14,115.1,227.7,112.6,2982,4,3,1,54.9,False,True,False,True,False,False,False,True,False
0,0,79.07,79.1,92.2,13.1,5001,7,5,0,46.0,True,False,False,True,False,False,False,False,True
2,2,116.34,174.5,235.3,60.8,7207,8,5,0,57.5,False,True,False,False,True,False,False,False,True
1,1,38.2,50.9,81.7,30.8,12839,6,8,0,81.4,True,False,False,False,False,True,True,False,False
0,1,63.9,59.0,73.5,14.5,7793,2,4,0,63.6,False,True,False,False,True,False,True,False,False
2,1,143.95,215.9,242.5,26.6,6763,7,4,0,55.6,True,False,False,False,True,False,False,True,False
1,1,309.02,337.1,376.9,39.8,10466,5,4,0,57.3,True,False,False,False,True,False,False,False,True
0,0,29.48,30.0,52.1,22.1,9502,4,8,0,79.7,True,False,False,False,True,False,True,False,False
0,0,82.31,82.3,106.3,24.0,7225,4,4,0,68.8,True,False,False,True,False,False,False,False,True
1,1,318.84,347.8,374.8,27.0,13717,5,7,0,60.6,False,True,False,False,True,False,False,True,False
1,0,312.6,341.0,366.0,25.0,10693,8,9,0,65.4,True,False,False,False,True,False,True,False,False
0,0,241.01,222.5,249.7,27.2,10124,2,4,0,100.0,True,False,False,False,True,False,False,False,True
2,1,93.35,140.0,167.0,27.0,10851,7,8,0,88.3,True,False,False,False,True,False,True,False,False
2,1,150.91,258.7,302.4,43.7,2923,9,7,0,92.0,False,True,False,True,False,False,False,False,True
2,1,88.03,150.9,185.0,34.1,5182,2,3,0,43.7,False,True,False,True,False,False,False,True,False
0,2,53.72,49.6,104.5,54.9,8927,11,4,0,67.7,False,False,True,False,True,False,False,True,False
0,0,139.2,128.5,134.4,5.9,6446,6,4,0,60.3,True,False,False,False,True,False,False,True,False
2,0,201.25,301.9,335.6,33.7,11097,9,3,0,78.2,True,False,False,False,True,False,False,False,True
1,1,132.38,158.9,185.9,27.1,6197,3,3,0,85.9,True,False,False,True,False,False,True,False,False
1,0,217.68,237.5,253.8,16.3,12624,5,3,0,74.9,True,False,False,False,True,False,False,False,True
1,2,110.73,120.8,163.7,42.9,11288,12,4,0,56.9,False,False,True,False,True,False,True,False,False
0,1,127.59,117.8,152.4,34.7,7435,8,4,0,60.1,False,True,False,False,True,False,False,False,True
1,0,278.83,304.2,321.8,17.6,12117,6,5,0,79.3,True,False,False,False,True,False,False,False,True
2,0,301.47,452.2,489.1,36.9,2598,6,4,0,80.8,True,False,False,False,True,False,False,False,True
1,1,119.49,130.4,186.9,56.5,13826,2,7,0,72.1,False,False,True,False,True,False,True,False,False
1,1,204.32,245.2,264.9,19.7,6828,3,7,0,71.9,True,False,False,True,False,False,True,False,False
2,0,96.13,164.8,168.5,3.7,5342,7,2,0,70.8,True,False,False,True,False,False,True,False,False
1,1,28.13,30.7,47.1,16.4,10069,9,5,0,74.0,True,False,False,False,True,False,True,False,False
1,1,260.87,313.0,335.6,22.5,4702,8,4,0,80.7,True,False,False,True,False,False,True,False,False
2,1,59.07,101.3,169.3,68.1,6482,7,9,0,79.5,True,False,False,True,False,False,True,False,False
1,0,154.74,168.8,179.4,10.6,3636,4,6,0,70.4,True,False,False,False,True,False,False,True,False
0,0,175.6,162.1,177.0,15.0,8182,3,5,0,69.3,True,False,False,False,True,False,True,False,False
0,1,72.72,67.1,193.6,126.5,8452,1,4,1,68.7,False,True,False,False,True,False,False,True,False
0,0,42.15,42.1,45.0,2.9,5539,8,5,0,58.3,True,False,False,True,False,False,True,False,False
1,1,128.32,140.0,150.5,10.5,9113,5,3,0,58.1,True,False,False,False,True,False,False,True,False
1,1,333.78,400.5,489.0,88.5,7478,9,5,0,78.2,False,False,True,True,False,False,False,False,True
1,2,219.15,239.1,277.1,38.1,10623,8,6,0,59.3,False,True,False,False,True,False,False,True,False
1,0,139.68,152.4,155.1,2.7,8385,11,3,0,82.2,True,False,False,False,True,False,False,True,False
1,0,23.23,31.0,47.9,16.9,11334,5,6,0,69.2,True,False,False,False,False,True,False,False,True
2,2,208.98,313.5,364.5,51.0,8360,3,4,0,82.3,False,True,False,False,True,False,True,False,False
0,0,41.37,41.4,67.7,26.3,6055,7,9,0,79.6,True,False,False,True,False,False,False,False,True
1,0,194.46,259.3,283.4,24.2,8716,5,6,0,82.6,True,False,False,False,False,True,True,False,False
1,0,265.66,318.8,384.9,66.1,8404,5,5,0,62.9,False,False,True,True,False,False,False,True,False
1,1,154.02,168.0,304.6,136.6,8488,7,5,1,76.1,True,False,False,False,True,False,False,True,False
0,0,111.8,111.8,132.4,20.6,4258,6,6,0,81.1,False,True,False,True,False,False,True,False,False
1,1,26.11,30.0,152.1,122.1,10505,5,6,1,46.7,True,False,False,False,True,False,False,False,True
2,2,18.92,30.0,99.1,69.1,8267,5,1,0,95.5,False,True,False,False,True,False,True,False,False
1,0,156.21,187.5,216.3,28.9,2119,6,4,0,100.0,True,False,False,True,False,False,False,False,True
2,1,319.89,548.4,587.8,39.4,3397,9,4,0,84.2,True,False,False,True,False,False,False,False,True
2,0,91.87,137.8,154.5,16.7,10049,6,3,0,82.1,True,False,False,False,True,False,False,False,True
1,2,205.18,223.8,245.8,22.0,11109,3,4,0,78.8,True,False,False,False,True,False,False,True,False
1,2,242.66,291.2,356.0,64.8,8832,7,8,0,65.1,False,True,False,True,False,False,True,False,False
1,2,30.68,36.8,92.9,56.1,5378,7,3,0,68.3,True,False,False,True,False,False,False,False,True
2,1,57.99,87.0,147.5,60.5,10334,1,8,0,84.5,True,False,False,False,True,False,False,False,True
0,1,122.63,122.6,138.7,16.1,4745,9,3,0,55.4,False,True,False,True,False,False,True,False,False
1,2,237.83,259.5,304.6,45.2,12479,8,5,0,54.1,False,True,False,False,True,False,True,False,False
2,1,152.62,228.9,270.3,41.3,9072,5,3,0,64.0,True,False,False,False,True,False,True,False,False
0,1,259.63,259.6,337.9,78.3,7884,3,7,1,79.8,True,False,False,True,False,False,False,False,True
1,0,304.98,406.6,453.3,46.6,10583,5,4,0,57.0,False,False,True,False,False,True,False,True,False
1,0,267.85,292.2,342.3,50.1,7508,7,8,0,66.6,False,True,False,False,True,False,True,False,False
2,2,349.6,524.4,602.7,78.3,7387,7,6,0,68.4,False,True,False,False,True,False,True,False,False
2,2,274.51,411.8,490.7,78.9,8755,7,6,0,54.8,False,False,True,False,True,False,True,False,False
1,1,299.74,359.7,399.0,39.4,5399,7,7,0,33.4,False,True,False,True,False,False,True,False,False
1,0,293.0,319.6,329.9,10.3,8427,8,4,0,54.6,True,False,False,False,True,False,True,False,False
1,0,258.29,281.8,320.3,38.6,13849,5,9,0,73.9,True,False,False,False,True,False,False,False,True
1,1,282.61,376.8,421.5,44.7,15202,5,6,0,77.3,True,False,False,False,False,True,True,False,False
1,1,327.79,357.6,382.8,25.2,9770,3,5,0,77.4,False,True,False,False,True,False,False,True,False
2,2,164.54,246.8,325.2,78.4,12879,5,4,0,79.1,False,False,True,False,True,False,True,False,False
0,0,227.02,209.6,216.6,7.0,6938,9,6,0,60.6,True,False,False,False,True,False,False,False,True
0,0,185.08,185.1,190.8,5.7,8790,6,6,0,57.4,True,False,False,True,False,False,True,False,False
1,1,299.35,326.6,374.6,48.1,7849,5,4,0,75.6,True,False,False,False,True,False,True,False,False
1,1,156.66,170.9,232.5,61.6,14010,2,2,0,66.8,False,False,True,False,True,False,True,False,False
1,0,288.71,315.0,328.8,13.9,13999,5,7,0,83.6,True,False,False,False,True,False,False,False,True
0,1,281.78,281.8,281.8,0.0,6779,9,3,0,75.7,True,False,False,True,False,False,False,True,False
1,0,337.04,404.4,433.4,28.9,4490,2,2,0,89.3,True,False,False,True,False,False,True,False,False
2,1,89.82,134.7,167.3,32.6,8290,7,6,0,63.0,True,False,False,False,True,False,False,False,True
0,0,251.27,231.9,246.5,14.6,7580,10,3,0,86.0,True,False,False,False,True,False,False,False,True
1,0,267.35,320.8,356.4,35.6,6135,6,4,0,100.0,True,False,False,True,False,False,True,False,False
2,2,324.66,487.0,520.7,33.7,6480,10,6,0,70.8,True,False,False,False,True,False,False,True,False
0,0,318.35,293.9,320.7,26.8,10255,5,7,0,77.5,True,False,False,False,True,False,True,False,False
1,0,205.0,223.6,230.9,7.2,6648,9,3,0,56.0,True,False,False,False,True,False,False,True,False
0,1,206.91,191.0,214.6,23.6,9443,11,7,0,83.4,True,False,False,False,True,False,False,False,True
2,0,75.07,112.6,202.9,90.3,12338,8,3,1,86.9,True,False,False,False,True,False,True,False,False
1,1,341.49,372.5,417.8,45.3,9966,9,2,0,62.6,False,True,False,False,True,False,False,False,True
2,1,100.34,150.5,168.0,17.5,8101,7,4,0,78.8,True,False,False,False,True,False,True,False,False
0,0,256.41,236.7,260.1,23.4,10354,6,6,0,74.2,True,False,False,False,True,False,False,False,True
1,1,280.57,336.7,342.7,6.0,8241,9,5,0,75.9,True,False,False,True,False,False,False,True,False
1,0,160.01,174.6,195.4,20.8,6903,9,6,0,82.2,True,False,False,False,True,False,False,False,True
0,0,81.81,75.5,91.7,16.2,7924,6,5,0,77.8,True,False,False,False,True,False,True,False,False
0,0,74.25,74.2,142.7,68.4,8318,8,15,1,67.9,True,False,False,True,False,False,True,False,False
0,2,301.21,278.0,299.9,21.9,10014,6,4,0,82.5,False,True,False,False,True,False,False,False,True
2,0,179.38,307.5,329.5,22.0,5919,6,4,0,86.7,True,False,False,True,False,False,False,False,True
1,2,40.65,44.3,82.5,38.2,8932,4,8,0,61.7,True,False,False,False,True,False,False,False,True
1,0,253.79,304.5,331.0,26.5,7821,3,9,0,70.0,True,False,False,True,False,False,True,False,False
1,0,95.06,103.7,121.3,17.6,12720,11,6,0,43.5,True,False,False,False,True,False,False,False,True
1,1,307.97,336.0,365.1,29.1,7256,9,1,0,78.8,True,False,False,False,True,False,False,False,True
1,1,115.25,125.7,166.0,40.2,10048,3,5,0,88.3,False,True,False,False,True,False,False,False,True
1,1,78.09,85.2,93.3,8.1,8720,9,2,0,66.1,False,True,False,False,True,False,True,False,False
1,2,38.85,42.4,68.2,25.8,10407,5,7,0,72.0,True,False,False,False,True,False,True,False,False
0,1,183.92,183.9,203.2,19.2,4289,9,5,0,66.7,True,False,False,True,False,False,True,False,False
2,1,160.53,275.2,310.1,34.9,6582,6,4,0,64.2,True,False,False,True,False,False,False,True,False
2,1,265.1,397.6,426.5,28.9,12446,5,6,0,73.5,True,False,False,False,True,False,False,True,False
1,1,167.96,201.6,229.1,27.6,6310,11,8,0,58.2,False,True,False,True,False,False,False,True,False
1,1,126.9,152.3,192.5,40.2,6646,7,7,0,66.5,True,False,False,True,False,False,True,False,False
0,0,98.96,99.0,110.4,11.4,8667,5,6,0,56.4,True,False,False,True,False,False,False,False,True
2,0,114.36,196.0,245.7,49.7,6651,3,3,0,78.8,False,False,True,True,False,False,False,True,False
2,1,316.77,543.0,594.2,51.2,5072,8,6,0,73.6,True,False,False,True,False,False,True,False,False
2,0,74.77,112.2,152.5,40.4,11203,6,5,0,63.5,True,False,False,False,True,False,True,False,False
1,1,345.98,415.2,466.3,51.1,4752,7,2,0,70.6,False,True,False,True,False,False,True,False,False
0,0,121.15,132.2,143.3,11.1,12080,4,3,0,66.7,True,False,False,False,False,True,False,False,True
0,0,40.05,37.0,62.2,25.2,9463,3,7,1,87.2,True,False,False,False,True,False,True,False,False
0,0,94.55,87.3,87.3,0.0,7724,9,3,0,63.4,True,False,False,False,True,False,True,False,False
0,1,29.86,30.0,78.2,48.2,10068,7,6,0,79.5,False,False,True,False,True,False,False,False,True
0,2,278.61,303.9,317.2,13.2,11720,7,5,0,59.4,True,False,False,False,False,True,False,False,True
2,0,187.44,281.2,317.6,36.5,15694,9,5,0,82.2,True,False,False,False,True,False,False,True,False
0,0,124.58,124.6,147.8,23.2,8619,3,5,0,85.6,True,False,False,True,False,False,False,False,True
0,0,235.1,235.1,252.5,17.4,4278,3,5,0,86.3,True,False,False,True,False,False,False,True,False
2,1,228.61,457.2,491.8,34.6,11371,11,3,0,92.1,False,True,False,False,False,True,False,False,True
1,0,329.56,359.5,398.0,38.5,13599,2,8,0,74.4,True,False,False,False,True,False,False,True,False
1,1,336.83,404.2,436.4,32.2,5640,7,3,0,88.6,True,False,False,True,False,False,True,False,False
1,0,241.43,289.7,322.6,32.9,5933,7,7,0,94.4,True,False,False,True,False,False,False,True,False
2,2,286.99,430.5,506.1,75.6,4232,5,8,0,53.2,False,True,False,False,True,False,False,True,False
1,0,279.42,335.3,365.0,29.7,6877,6,4,0,61.0,True,False,False,True,False,False,False,False,True
1,1,177.04,193.1,226.6,33.4,11120,12,7,0,47.6,False,True,False,False,True,False,True,False,False
1,0,249.52,299.4,354.5,55.1,7945,5,3,0,85.9,False,True,False,True,False,False,True,False,False
1,0,36.61,39.9,42.9,3.0,12588,4,5,0,47.4,True,False,False,False,True,False,True,False,False
1,1,267.73,292.1,323.7,31.7,7203,4,3,0,43.3,False,True,False,False,True,False,True,False,False
1,1,337.02,367.7,407.6,39.9,8144,5,5,0,53.5,False,True,False,False,True,False,True,False,False
0,0,38.89,35.9,49.0,13.1,9299,4,8,0,43.9,True,False,False,False,True,False,True,False,False
1,1,294.28,321.0,365.1,44.1,12985,5,3,0,74.1,False,False,True,False,True,False,True,False,False
0,0,327.21,327.2,339.0,11.8,5344,8,6,0,53.7,True,False,False,True,False,False,False,True,False
0,2,86.9,80.2,98.9,18.7,9728,4,4,0,44.6,False,True,False,False,True,False,False,False,True
0,1,188.44,173.9,230.0,56.0,10937,5,5,0,69.4,False,False,True,False,True,False,False,True,False
2,0,332.83,570.6,626.2,55.6,4624,8,4,0,70.3,True,False,False,True,False,False,True,False,False
1,1,336.48,403.8,454.3,50.5,6550,8,7,0,42.0,False,True,False,True,False,False,True,False,False
1,0,53.48,58.3,72.0,13.6,10904,4,10,0,59.3,True,False,False,False,True,False,True,False,False
2,1,121.4,242.8,309.0,66.2,9538,12,5,0,68.9,False,True,False,False,False,True,False,True,False
0,1,247.37,228.3,268.1,39.8,13219,5,4,0,64.6,False,True,False,False,True,False,True,False,False
1,1,85.33,102.4,130.9,28.5,4410,7,6,0,65.1,True,False,False,True,False,False,False,False,True
1,1,120.42,131.4,149.8,18.4,8390,6,5,0,87.7,True,False,False,False,True,False,True,False,False
0,0,17.92,30.0,32.9,2.9,5657,6,1,0,100.0,True,False,False,True,False,False,True,False,False
1,0,62.2,82.9,102.0,19.0,12804,6,4,0,65.3,True,False,False,False,False,True,True,False,False
2,1,197.51,338.6,384.0,45.4,4679,7,2,0,50.2,True,False,False,True,False,False,True,False,False
0,0,232.05,214.2,225.1,10.9,7193,5,7,0,66.5,True,False,False,False,True,False,True,False,False
1,0,230.63,276.8,300.7,23.9,3700,5,4,0,72.9,True,False,False,True,False,False,False,True,False
0,0,274.64,253.5,265.0,11.5,14772,2,5,0,69.2,True,False,False,False,True,False,True,False,False
1,1,151.2,181.4,225.4,43.9,6433,3,6,0,79.2,False,True,False,True,False,False,True,False,False
1,0,102.99,123.6,161.2,37.6,7479,2,5,0,100.0,False,True,False,True,False,False,True,False,False
1,2,15.3,30.0,76.6,46.6,14042,7,6,0,44.3,False,True,False,False,False,True,False,True,False
1,0,80.25,87.5,114.5,27.0,8129,7,4,0,62.4,True,False,False,False,True,False,False,False,True
0,2,116.21,107.3,158.4,51.1,9299,2,8,0,93.1,False,True,False,False,True,False,False,False,True
1,0,70.59,77.0,94.0,17.0,8898,2,4,0,62.2,True,False,False,False,True,False,False,False,True
1,1,16.85,30.0,60.7,30.7,5198,9,8,0,81.8,True,False,False,False,True,False,False,True,False
1,0,63.53,69.3,69.3,0.0,9658,9,6,0,79.5,True,False,False,False,True,False,True,False,False
0,1,236.47,218.3,245.3,27.0,8894,6,2,0,88.6,False,True,False,False,True,False,False,False,True
1,0,224.06,268.9,296.0,27.2,5008,6,7,0,98.7,True,False,False,True,False,False,False,True,False
1,1,328.13,358.0,386.8,28.9,8806,6,6,0,75.0,True,False,False,False,True,False,True,False,False
0,2,281.38,259.7,314.1,54.3,8099,7,3,0,43.8,False,False,True,False,True,False,True,False,False
0,0,203.04,187.4,199.8,12.4,11187,4,5,0,59.5,True,False,False,False,True,False,False,False,True
1,0,56.77,68.1,83.6,15.5,9129,1,7,0,100.0,True,False,False,True,False,False,True,False,False
1,1,201.78,242.1,307.1,65.0,10493,3,5,0,48.8,False,False,True,True,False,False,True,False,False
0,2,30.94,30.0,56.2,26.2,10237,7,6,0,77.5,True,False,False,False,True,False,True,False,False
2,2,155.06,232.6,284.0,51.4,8506,4,10,0,32.3,True,False,False,False,True,False,True,False,False
1,0,142.69,155.7,196.8,41.1,10542,7,4,0,49.7,False,True,False,False,True,False,False,False,True
1,0,155.46,169.6,190.1,20.5,4048,3,5,0,83.3,False,True,False,False,True,False,True,False,False
1,0,105.14,114.7,128.9,14.2,14259,10,4,0,70.5,True,False,False,False,True,False,False,False,True
1,0,243.18,265.3,302.7,37.5,9686,8,6,0,64.4,False,True,False,False,True,False,True,False,False
1,0,295.92,394.6,427.2,32.7,11784,7,4,0,57.8,True,False,False,False,False,True,True,False,False
2,2,275.59,413.4,480.6,67.3,6827,6,8,0,40.1,True,False,False,False,True,False,True,False,False
1,0,223.44,268.1,282.6,14.5,5301,2,3,0,80.4,True,False,False,True,False,False,False,True,False
1,1,193.04,210.6,231.4,20.8,9915,6,1,0,65.8,True,False,False,False,True,False,True,False,False
1,2,20.57,30.0,79.7,49.7,14084,6,5,0,47.2,False,True,False,False,False,True,False,False,True
1,1,255.8,341.1,369.2,28.2,12798,8,6,0,70.5,False,True,False,False,False,True,False,True,False
0,0,195.29,195.3,227.6,32.3,5116,3,6,0,78.7,True,False,False,True,False,False,False,False,True
1,0,102.05,111.3,134.6,23.3,7430,1,6,0,67.0,True,False,False,False,True,False,True,False,False
1,0,121.47,132.5,132.5,0.0,5287,9,2,0,71.7,True,False,False,False,True,False,True,False,False
2,2,333.84,572.3,648.9,76.6,7665,7,5,0,70.6,False,True,False,True,False,False,False,False,True
1,1,222.28,266.7,302.9,36.2,5750,3,3,0,59.4,True,False,False,True,False,False,False,False,True
1,0,171.81,187.4,219.5,32.1,5557,4,6,0,70.8,False,True,False,False,True,False,False,False,True
2,2,217.1,325.7,353.4,27.8,8048,6,2,0,81.0,True,False,False,False,True,False,False,False,True
1,0,150.67,164.4,164.4,0.0,10077,2,5,0,85.5,True,False,False,False,True,False,True,False,False
0,0,169.86,169.9,212.8,43.0,6237,9,8,0,81.9,False,True,False,True,False,False,False,False,True
0,2,108.71,108.7,142.5,33.8,4063,5,5,0,59.9,False,True,False,True,False,False,False,False,True
0,0,159.55,159.6,166.8,7.2,6507,5,2,0,79.5,True,False,False,True,False,False,False,True,False
0,0,243.1,243.1,276.9,33.8,7274,4,4,0,77.0,False,True,False,True,False,False,False,False,True
1,1,23.58,30.0,57.7,27.7,9917,6,5,0,59.4,False,False,True,False,True,False,True,False,False
1,0,280.31,305.8,338.3,32.5,15264,6,9,0,63.0,True,False,False,False,True,False,False,False,True
1,0,106.21,115.9,146.7,30.9,5693,5,4,0,80.2,True,False,False,False,True,False,False,False,True
0,0,242.07,242.1,256.7,14.6,5195,6,1,0,90.7,True,False,False,True,False,False,True,False,False
1,1,228.53,249.3,283.4,34.1,8162,9,1,0,42.8,False,True,False,False,True,False,False,False,True
0,0,231.89,214.1,222.6,8.5,11234,9,6,0,94.6,True,False,False,False,True,False,True,False,False
2,0,215.35,323.0,356.4,33.4,6553,2,6,0,87.5,True,False,False,False,True,False,True,False,False
0,0,336.09,310.2,368.1,57.9,10909,4,6,1,73.0,True,False,False,False,True,False,False,False,True
1,2,182.84,199.5,234.4,34.9,10449,2,5,0,66.4,False,True,False,False,True,False,True,False,False
1,1,258.99,282.5,322.1,39.6,11033,8,6,0,75.9,True,False,False,False,True,False,False,False,True
1,1,249.85,272.6,315.1,42.5,10988,7,6,0,60.4,False,True,False,False,True,False,True,False,False
1,0,90.33,108.4,127.6,19.2,7519,7,7,0,67.3,True,False,False,True,False,False,False,True,False
1,2,106.32,116.0,191.3,75.3,8877,7,7,0,47.9,False,False,True,False,True,False,False,False,True
0,1,154.17,142.3,173.7,31.4,10325,7,5,0,43.9,True,False,False,False,True,False,False,False,True
2,2,109.04,163.6,191.9,28.4,7159,6,4,0,100.0,True,False,False,False,True,False,True,False,False
1,1,134.69,161.6,202.5,40.9,4230,9,4,0,70.9,False,True,False,True,False,False,False,True,False
1,2,142.93,155.9,218.4,62.5,13412,8,5,0,73.1,False,False,True,False,True,False,True,False,False
2,0,207.05,354.9,398.1,43.2,6511,4,3,0,69.5,True,False,False,True,False,False,False,False,True
2,0,93.75,187.5,235.6,48.1,15924,5,5,0,57.6,True,False,False,False,False,True,True,False,False
0,0,283.46,283.5,326.0,42.6,3434,2,7,0,65.4,False,True,False,True,False,False,True,False,False
0,0,158.76,146.5,278.8,132.2,11937,2,13,1,71.4,False,True,False,False,True,False,False,False,True
0,0,250.12,250.1,269.0,18.9,6954,5,5,0,67.1,True,False,False,True,False,False,True,False,False
0,0,37.69,34.8,34.8,0.0,11228,9,6,0,58.7,True,False,False,False,True,False,True,False,False
1,1,169.79,185.2,225.5,40.3,8855,2,5,0,77.2,False,True,False,False,True,False,True,False,False
2,2,27.32,41.0,118.9,77.9,7500,4,5,0,72.8,False,True,False,False,True,False,True,False,False
2,2,235.24,352.9,435.8,82.9,8373,7,9,0,75.9,False,True,False,False,True,False,False,True,False
1,0,126.86,138.4,158.3,19.9,11592,5,2,0,80.6,True,False,False,False,True,False,False,False,True
1,0,332.75,363.0,375.7,12.7,10828,6,4,0,67.4,True,False,False,False,True,False,True,False,False
2,2,112.51,168.8,276.4,107.6,8680,8,7,0,67.5,False,False,True,False,True,False,False,False,True
2,1,197.56,296.3,352.5,56.1,6152,4,6,0,92.2,False,True,False,False,True,False,False,False,True
0,2,97.51,90.0,135.6,45.6,6329,6,4,0,55.8,False,True,False,False,True,False,False,False,True
1,0,220.84,294.5,347.9,53.4,11977,3,11,0,41.9,True,False,False,False,False,True,False,False,True
2,1,171.5,257.3,301.4,44.2,5806,5,4,0,78.3,True,False,False,False,True,False,True,False,False
1,1,136.01,163.2,218.6,55.4,8562,2,2,0,60.6,False,True,False,True,False,False,True,False,False
1,1,79.25,86.5,111.5,25.1,15703,8,7,0,53.8,True,False,False,False,True,False,False,False,True
2,2,51.83,77.8,156.3,78.6,10149,7,6,0,83.3,False,False,True,False,True,False,False,False,True
2,1,52.45,78.7,113.1,34.5,10856,2,4,0,67.8,True,False,False,False,True,False,False,False,True
2,2,350.06,525.1,590.8,65.7,6347,3,4,0,51.0,False,True,False,False,True,False,True,False,False
1,2,150.19,163.8,204.7,40.8,5932,5,5,0,99.0,False,True,False,False,True,False,False,True,False
0,1,10.66,30.0,39.9,9.9,10990,8,4,0,45.8,True,False,False,False,True,False,True,False,False
1,0,334.0,364.4,398.4,34.0,8294,2,4,0,68.7,True,False,False,False,True,False,False,False,True
1,0,16.79,30.0,56.8,26.8,11934,8,7,0,41.7,False,True,False,False,True,False,True,False,False
1,1,152.32,166.2,194.4,28.2,9358,6,3,0,74.1,True,False,False,False,True,False,False,False,True
1,1,253.94,277.0,284.6,7.6,17891,0,3,0,60.4,True,False,False,False,True,False,False,True,False
1,2,320.96,350.1,415.9,65.8,7819,6,5,0,82.3,False,True,False,False,True,False,True,False,False
1,1,252.38,275.3,334.1,58.7,9973,8,3,0,69.7,False,False,True,False,True,False,False,False,True
1,1,167.63,182.9,212.6,29.7,7015,9,6,0,90.3,True,False,False,False,True,False,False,False,True
1,1,341.31,372.3,405.1,32.8,11830,6,6,0,63.6,True,False,False,False,True,False,True,False,False
1,1,23.37,30.0,69.6,39.6,10351,7,7,0,45.9,True,False,False,False,True,False,True,False,False
0,0,345.54,319.0,336.4,17.4,6847,3,1,0,73.6,True,False,False,False,True,False,False,False,True
0,0,298.79,326.0,344.1,18.2,11261,11,5,0,66.2,True,False,False,False,False,True,True,False,False
2,1,323.71,485.6,550.6,65.0,12680,5,4,0,42.7,True,False,False,False,True,False,True,False,False
1,1,96.62,105.4,120.4,14.9,12379,10,5,0,54.2,False,True,False,False,True,False,False,True,False
0,0,58.44,53.9,59.1,5.1,5714,5,6,0,58.9,True,False,False,False,True,False,False,False,True
1,1,235.53,314.0,367.6,53.6,13021,5,11,0,93.3,False,False,True,False,False,True,False,False,True
1,1,185.39,222.5,236.9,14.4,5488,9,4,0,80.6,True,False,False,True,False,False,False,False,True
0,0,187.88,187.9,209.3,21.5,6461,3,8,0,64.8,True,False,False,True,False,False,False,False,True
1,1,324.37,432.5,487.3,54.8,17431,6,6,0,77.1,False,True,False,False,False,True,False,False,True
0,1,220.83,203.8,338.1,134.2,11817,2,5,1,39.4,False,True,False,False,True,False,True,False,False
1,2,115.76,154.3,201.6,47.2,12886,8,2,0,61.5,True,False,False,False,False,True,True,False,False
0,0,146.02,134.8,154.1,19.3,6901,8,5,0,76.0,True,False,False,False,True,False,False,False,True
0,0,55.39,55.4,59.6,4.2,6962,10,4,0,72.5,True,False,False,True,False,False,False,True,False
0,0,75.39,69.6,136.0,66.4,12262,4,5,1,61.9,True,False,False,False,True,False,True,False,False
1,0,58.74,64.1,73.6,9.5,11799,4,5,0,69.4,True,False,False,False,True,False,False,True,False
0,0,285.5,311.5,337.6,26.2,8930,5,3,0,75.1,True,False,False,False,False,True,False,False,True
2,2,243.25,364.9,409.7,44.8,8902,4,5,0,69.9,True,False,False,False,True,False,True,False,False
0,0,190.32,207.6,246.5,38.9,13866,4,3,0,82.9,True,False,False,False,False,True,True,False,False
1,0,137.29,149.8,182.6,32.8,8868,8,2,0,74.8,False,False,True,False,True,False,True,False,False
1,2,237.29,284.7,340.1,55.4,3151,6,2,0,77.7,False,True,False,True,False,False,False,False,True
1,0,286.39,381.9,400.5,18.6,12022,8,5,0,95.7,True,False,False,False,False,True,True,False,False
0,0,309.62,285.8,297.6,11.8,13492,8,4,0,82.4,True,False,False,False,True,False,True,False,False
2,1,199.64,399.3,444.4,45.2,12950,7,4,0,96.1,True,False,False,False,False,True,True,False,False
2,0,283.1,424.6,451.5,26.8,8343,4,5,0,59.9,True,False,False,False,True,False,False,True,False
0,0,183.84,183.8,216.1,32.2,6772,5,5,0,46.1,False,True,False,True,False,False,True,False,False
0,2,171.34,158.2,200.4,42.3,12680,5,9,0,67.9,False,True,False,False,True,False,True,False,False
2,2,301.99,453.0,536.1,83.1,7892,6,2,0,66.6,False,False,True,False,True,False,True,False,False
1,2,141.37,169.6,228.7,59.0,7158,9,3,0,91.9,False,False,True,True,False,False,True,False,False
0,2,144.61,133.5,183.4,49.9,12298,3,3,0,53.0,False,False,True,False,True,False,True,False,False
0,0,113.67,104.9,154.0,49.1,5146,6,8,0,68.8,False,False,True,False,True,False,False,False,True
1,1,186.36,203.3,229.4,26.1,5018,8,4,0,76.1,True,False,False,False,True,False,False,False,True
1,0,195.25,234.3,267.7,33.4,5872,7,7,0,71.5,True,False,False,True,False,False,True,False,False
1,0,234.56,255.9,264.2,8.3,9256,8,6,0,67.4,True,False,False,False,True,False,False,True,False
2,1,154.53,264.9,304.9,40.0,6903,5,1,0,75.4,True,False,False,True,False,False,True,False,False
1,0,84.06,112.1,121.4,9.3,11560,7,4,0,86.2,True,False,False,False,False,True,False,True,False
1,0,304.73,332.4,370.5,38.1,9666,10,4,0,93.0,False,True,False,False,True,False,True,False,False
1,1,127.64,139.2,164.2,24.9,7799,4,8,0,70.5,False,True,False,False,True,False,False,True,False
1,0,323.8,388.6,414.2,25.6,6716,7,4,0,57.8,True,False,False,True,False,False,False,True,False
0,0,80.5,74.3,74.3,0.0,10074,8,5,0,93.0,True,False,False,False,True,False,False,True,False
0,0,200.42,185.0,190.3,5.3,11821,8,3,0,53.8,True,False,False,False,True,False,True,False,False
1,1,192.45,230.9,323.6,92.6,5909,7,6,1,96.9,True,False,False,True,False,False,False,False,True
1,0,291.74,318.3,363.2,45.0,5338,4,3,0,90.2,False,True,False,False,True,False,False,True,False
0,0,57.21,52.8,54.2,1.4,10150,7,10,0,92.3,True,False,False,False,True,False,False,False,True
1,0,319.38,383.3,424.5,41.2,6220,10,5,0,80.3,False,True,False,True,False,False,True,False,False
1,0,190.69,208.0,222.7,14.7,6475,7,5,0,38.3,True,False,False,False,True,False,True,False,False
1,1,209.28,228.3,275.4,47.1,9358,7,5,0,54.4,True,False,False,False,True,False,True,False,False
1,1,183.46,200.1,217.3,17.2,5912,8,4,0,74.6,True,False,False,False,True,False,True,False,False
2,0,17.27,30.0,80.9,50.9,7442,6,4,0,59.9,False,True,False,True,False,False,True,False,False
1,1,179.01,214.8,258.4,43.6,7068,10,4,0,65.3,False,True,False,True,False,False,False,False,True
0,1,99.61,91.9,96.0,4.1,7768,5,4,0,79.2,True,False,False,False,True,False,True,False,False
1,1,126.51,138.0,173.8,35.7,5736,5,5,0,67.5,False,False,True,False,True,False,True,False,False
1,0,230.69,251.7,260.9,9.2,5680,7,8,0,51.7,True,False,False,False,True,False,True,False,False
0,1,179.22,165.4,184.1,18.6,4285,7,5,0,83.3,False,True,False,False,True,False,False,True,False
0,1,41.69,38.5,49.4,10.9,10191,10,7,0,77.7,True,False,False,False,True,False,False,False,True
0,0,34.83,38.0,68.3,30.3,14908,6,7,0,66.3,True,False,False,False,False,True,False,False,True
1,2,73.12,79.8,119.5,39.7,10481,8,1,0,80.7,False,True,False,False,True,False,False,False,True
1,1,74.9,89.9,102.5,12.7,8243,12,5,0,71.4,True,False,False,True,False,False,False,False,True
0,0,216.82,200.1,217.7,17.5,11515,6,6,0,90.0,True,False,False,False,True,False,True,False,False
2,0,71.09,106.6,136.1,29.4,10767,7,7,0,72.3,True,False,False,False,True,False,False,False,True
2,1,315.8,473.7,497.2,23.5,9018,8,4,0,89.9,True,False,False,False,True,False,True,False,False
0,0,81.32,75.1,89.6,14.5,8608,2,3,0,41.9,False,True,False,False,True,False,False,False,True
2,1,46.65,80.0,136.0,56.1,6888,8,6,0,76.9,False,True,False,True,False,False,True,False,False
0,0,307.75,335.7,359.2,23.5,11853,14,2,0,64.0,False,True,False,False,False,True,False,True,False
2,1,114.23,195.8,246.5,50.7,6009,5,2,0,57.1,True,False,False,True,False,False,False,False,True
2,1,149.2,223.8,255.5,31.7,11845,8,7,0,87.4,True,False,False,False,True,False,True,False,False
0,1,336.07,336.1,351.0,14.9,6950,9,2,0,83.3,True,False,False,True,False,False,False,False,True
1,0,331.09,361.2,384.0,22.9,10347,6,4,0,39.9,True,False,False,False,True,False,True,False,False
2,2,262.68,525.4,568.8,43.5,11747,4,6,0,80.7,True,False,False,False,False,True,True,False,False
2,2,27.99,42.0,108.8,66.8,10825,10,9,0,78.9,False,False,True,False,True,False,False,True,False
2,2,206.47,309.7,471.2,161.5,6923,8,3,1,59.2,False,True,False,False,True,False,False,False,True
1,1,346.29,377.8,414.9,37.1,10726,7,6,0,57.5,False,True,False,False,True,False,False,False,True
0,0,331.95,306.4,335.7,29.3,16423,6,2,0,46.1,True,False,False,False,True,False,True,False,False
2,2,43.26,64.9,103.9,39.0,7575,10,3,0,64.9,True,False,False,False,True,False,True,False,False
1,1,144.63,192.8,230.7,37.9,16930,7,7,0,67.3,True,False,False,False,False,True,True,False,False
1,1,117.28,140.7,157.0,16.3,8249,4,1,0,82.0,True,False,False,True,False,False,False,False,True
1,0,54.11,72.1,94.9,22.8,17848,5,4,0,74.0,True,False,False,False,False,True,False,False,True
1,0,246.23,268.6,281.0,12.3,7011,6,4,0,54.1,True,False,False,False,True,False,True,False,False
0,0,103.11,95.2,103.7,8.6,14912,4,6,0,73.6,True,False,False,False,True,False,True,False,False
1,2,127.25,138.8,233.4,94.6,10232,7,3,0,66.2,False,False,True,False,True,False,True,False,False
0,0,40.72,37.6,50.0,12.4,7585,4,3,0,56.0,True,False,False,False,True,False,True,False,False
1,2,179.31,195.6,277.2,81.6,8491,5,9,0,46.2,False,False,True,False,True,False,True,False,False
2,0,60.14,90.2,112.8,22.6,10077,7,5,0,79.4,True,False,False,False,True,False,True,False,False
1,0,156.91,171.2,198.8,27.6,8978,5,7,0,76.7,True,False,False,False,True,False,True,False,False
1,0,58.74,64.1,66.2,2.1,9865,5,2,0,78.4,True,False,False,False,True,False,True,False,False
1,0,334.31,364.7,381.8,17.1,13434,7,6,0,59.1,True,False,False,False,True,False,True,False,False
2,1,50.71,86.9,148.9,62.0,7100,4,8,0,72.6,True,False,False,True,False,False,False,False,True
1,1,187.44,204.5,223.9,19.4,10612,3,4,0,49.4,True,False,False,False,True,False,False,True,False
1,2,76.97,102.6,151.2,48.5,11099,8,4,0,55.2,False,False,True,False,False,True,True,False,False
0,0,35.96,33.2,33.2,0.0,7752,6,4,0,70.5,True,False,False,False,True,False,True,False,False
0,0,78.78,78.8,111.1,32.3,5250,8,3,0,73.9,False,True,False,True,False,False,False,False,True
1,1,28.62,34.3,54.4,20.0,7281,6,5,0,45.6,True,False,False,True,False,False,True,False,False
2,0,51.56,88.4,130.7,42.3,6786,2,3,0,54.1,True,False,False,True,False,False,True,False,False
1,1,177.78,213.3,234.6,21.3,5754,6,7,0,64.5,True,False,False,True,False,False,True,False,False
0,0,231.62,231.6,243.1,11.5,6332,6,1,0,84.4,True,False,False,True,False,False,True,False,False
2,2,47.91,82.1,134.9,52.7,8629,9,5,0,57.8,False,False,True,True,False,False,False,True,False
1,0,159.95,174.5,201.9,27.4,4724,4,5,0,72.1,False,True,False,False,True,False,False,True,False
2,2,203.84,305.8,362.9,57.1,13827,8,5,0,73.7,False,True,False,False,True,False,True,False,False
0,2,89.64,89.6,119.3,29.6,8401,4,9,0,66.3,True,False,False,True,False,False,True,False,False
1,0,136.51,148.9,160.1,11.2,9049,4,2,0,74.0,True,False,False,False,True,False,False,True,False
2,2,31.08,46.6,151.0,104.4,14488,6,4,0,49.8,False,False,True,False,True,False,False,False,True
0,0,84.84,78.3,175.1,96.7,11555,8,6,1,60.2,True,False,False,False,True,False,False,True,False
1,0,168.7,184.0,194.0,9.9,13423,5,4,0,91.5,True,False,False,False,True,False,False,False,True
2,2,355.14,532.7,589.3,56.5,6050,9,5,0,92.6,True,False,False,False,True,False,True,False,False
0,0,348.73,348.7,372.1,23.4,4857,8,5,0,82.6,False,True,False,True,False,False,True,False,False
0,0,343.07,343.1,435.0,91.9,6583,9,5,1,86.5,False,True,False,True,False,False,True,False,False
1,0,153.85,184.6,310.8,126.1,4355,11,8,1,42.6,False,True,False,True,False,False,False,True,False
1,1,37.43,40.8,69.7,28.9,12124,7,6,0,55.8,False,True,False,False,True,False,True,False,False
0,1,120.01,110.8,149.0,38.2,4923,6,5,0,65.3,True,False,False,False,True,False,False,False,True
1,2,90.82,99.1,164.4,65.4,10759,6,5,0,100.0,False,False,True,False,True,False,False,False,True
1,1,14.8,30.0,42.5,12.5,11473,5,4,0,65.3,True,False,False,False,True,False,False,True,False
0,0,42.38,42.4,66.5,24.1,2560,10,3,0,81.2,False,True,False,True,False,False,False,False,True
1,1,164.09,179.0,206.0,27.0,7983,8,3,0,75.7,True,False,False,False,True,False,True,False,False
2,2,122.55,245.1,314.5,69.4,12663,11,6,0,75.3,False,False,True,False,False,True,True,False,False
1,0,71.32,77.8,80.5,2.7,7061,9,4,0,69.6,True,False,False,False,True,False,False,False,True
