Clima,TraficoPico,RiesgoRuta,Distancia_km,TiempoEstimado_min,TiempoReal_min,Demora_min,TipoCarga,Peso_kg,ExperienciaConductor_anios,AntiguedadCamion_anios,FallasMecanicas,NivelCombustible_pct,HorarioSalida,EntregaATiempo
Lluvia,Bajo,Medio,291.94,291.9,327.5,35.6,Fragil,4013,5,6,No,65.6,Noche,No
Bueno,Medio,Medio,211.99,231.3,333.2,102.0,Normal,12517,9,2,Si,54.4,Manana,No
Lluvia,Bajo,Medio,93.25,101.7,147.2,45.4,Peligrosa,9804,6,6,No,58.6,Noche,No
Lluvia,Bajo,Medio,263.53,263.5,302.2,38.7,Fragil,9436,9,6,No,66.4,Tarde,No
Bueno,Medio,Bajo,38.72,42.2,69.2,27.0,Normal,9444,3,4,No,62.6,Tarde,Si
Tormenta,Medio,Bajo,273.3,328.0,404.1,76.2,Fragil,7362,6,8,No,58.6,Manana,No
Lluvia,Alto,Alto,210.5,315.8,392.9,77.1,Normal,10488,6,3,No,50.5,Manana,No
Lluvia,Medio,Medio,47.66,52.0,78.3,26.3,Normal,12606,6,8,No,99.4,Tarde,Si
Bueno,Medio,Medio,37.03,40.4,59.7,19.3,Normal,11542,5,6,No,62.5,Tarde,Si
Bueno,Medio,Bajo,265.28,318.3,352.4,34.0,Fragil,7748,7,5,No,74.9,Manana,No
Bueno,Medio,Medio,109.6,119.6,148.7,29.2,Normal,4357,3,5,No,43.6,Manana,Si
Tormenta,Medio,Medio,312.36,340.8,417.9,77.2,Normal,11026,7,4,No,90.4,Manana,No
Lluvia,Medio,Medio,269.1,293.6,309.6,16.0,Normal,5403,7,4,No,72.5,Manana,Si
Lluvia,Alto,Medio,238.24,357.4,414.7,57.3,Normal,9088,5,3,No,63.3,Manana,No
Bueno,Medio,Medio,104.73,114.2,115.9,1.7,Normal,8711,9,0,No,63.5,Manana,Si
Bueno,Bajo,Bajo,251.04,231.7,231.7,0.0,Normal,5456,11,4,No,83.0,Manana,Si
Bueno,Medio,Bajo,332.37,362.6,375.0,12.4,Normal,9931,7,3,No,25.7,Noche,Si
Bueno,Alto,Medio,40.19,60.3,108.5,48.2,Normal,14386,7,6,No,57.6,Noche,No
Lluvia,Bajo,Medio,120.9,120.9,147.6,26.7,Fragil,6528,5,6,No,68.2,Manana,Si
Lluvia,Medio,Medio,89.79,98.0,129.1,31.1,Normal,10915,5,8,No,68.0,Manana,No
Lluvia,Alto,Alto,138.14,236.8,326.1,89.3,Fragil,7203,5,5,No,100.0,Manana,No
Bueno,Medio,Medio,262.39,286.2,332.4,46.2,Normal,11157,6,6,No,64.9,Manana,No
Tormenta,Alto,Alto,167.54,251.3,317.9,66.6,Normal,7388,4,6,No,84.9,Noche,No
Lluvia,Medio,Medio,204.05,222.6,274.8,52.2,Normal,9593,9,8,No,97.2,Manana,No
Lluvia,Medio,Bajo,116.81,127.4,151.9,24.5,Normal,10202,4,3,No,80.1,Noche,Si
Bueno,Medio,Bajo,58.04,63.3,77.3,14.0,Normal,12585,2,5,No,59.9,Manana,Si
Bueno,Alto,Alto,103.8,177.9,217.5,39.6,Fragil,6904,6,8,No,50.7,Noche,No
Bueno,Medio,Bajo,302.29,329.8,349.2,19.4,Normal,2075,6,4,No,81.2,Tarde,Si
Bueno,Medio,Alto,214.82,234.4,290.1,55.8,Normal,6859,5,9,No,94.7,Tarde,No
Lluvia,Medio,Bajo,138.52,151.1,167.2,16.1,Normal,8825,4,4,No,78.2,Noche,Si
Lluvia,Medio,Medio,278.57,303.9,332.1,28.2,Normal,6462,1,2,No,88.5,Manana,Si
Tormenta,Medio,Alto,31.92,34.8,75.1,40.3,Normal,500,6,7,No,100.0,Manana,No
Bueno,Medio,Medio,96.32,105.1,130.2,25.1,Normal,7186,3,3,No,82.6,Manana,No
Bueno,Alto,Medio,89.16,133.7,150.5,16.8,Normal,8991,9,4,No,53.5,Noche,Si
Bueno,Medio,Bajo,345.02,376.4,394.3,18.0,Normal,7687,4,8,No,70.8,Noche,Si
Bueno,Medio,Medio,250.07,300.1,333.3,33.2,Fragil,6801,5,7,No,90.6,Manana,No
Bueno,Medio,Bajo,220.05,293.4,310.4,17.0,Peligrosa,12781,2,4,No,66.3,Tarde,Si
Bueno,Medio,Bajo,11.69,30.0,30.0,0.0,Normal,9858,5,8,No,92.6,Manana,Si
Bueno,Medio,Bajo,72.67,87.2,114.6,27.4,Fragil,4579,4,2,No,69.0,Manana,Si
Lluvia,Bajo,Bajo,226.08,226.1,259.7,33.6,Fragil,5524,3,4,No,75.0,Tarde,No
Bueno,Bajo,Medio,139.1,128.4,131.8,3.4,Normal,9144,3,5,No,64.7,Manana,Si
Lluvia,Medio,Medio,324.26,389.1,427.4,38.3,Fragil,5906,5,1,No,72.4,Manana,No
Lluvia,Medio,Medio,270.01,324.0,364.7,40.7,Fragil,3718,7,3,No,73.2,Tarde,No
Bueno,Medio,Bajo,162.11,216.1,236.7,20.5,Peligrosa,11034,6,4,No,45.9,Tarde,Si
Lluvia,Bajo,Medio,264.84,288.9,331.6,42.6,Peligrosa,10737,5,7,No,63.4,Tarde,No
Lluvia,Medio,Medio,341.64,372.7,434.9,62.2,Normal,6941,5,5,No,51.5,Manana,No
Bueno,Bajo,Medio,166.73,153.9,173.1,19.2,Normal,10490,3,8,No,63.9,Manana,Si
Bueno,Medio,Medio,228.46,249.2,282.0,32.8,Normal,9236,9,9,No,58.1,Tarde,No
Lluvia,Alto,Medio,319.68,479.5,547.4,67.9,Normal,13983,5,7,No,85.2,Noche,No
Bueno,Bajo,Bajo,94.55,87.3,87.3,0.0,Normal,9976,12,2,No,85.4,Manana,Si
Bueno,Medio,Bajo,311.43,415.2,431.3,16.1,Peligrosa,11147,8,4,No,78.4,Noche,Si
Bueno,Bajo,Bajo,43.17,39.8,50.2,10.3,Normal,10841,8,4,No,51.0,Tarde,Si
Lluvia,Bajo,Alto,230.47,212.7,244.2,31.5,Normal,10925,4,8,No,68.5,Noche,No
Lluvia,Bajo,Bajo,276.16,276.2,318.6,42.4,Fragil,8773,5,2,No,49.8,Tarde,No
Lluvia,Bajo,Bajo,218.97,202.1,230.8,28.7,Normal,6090,5,4,No,67.8,Manana,Si
Lluvia,Medio,Medio,178.48,194.7,250.5,55.8,Normal,10340,7,10,No,79.7,Tarde,No
Bueno,Alto,Medio,215.76,431.5,495.8,64.2,Peligrosa,9976,5,2,No,84.9,Manana,No
Bueno,Bajo,Bajo,61.57,56.8,61.8,5.0,Normal,5209,3,2,No,77.1,Manana,Si
Bueno,Medio,Bajo,83.29,90.9,101.3,10.5,Normal,9636,8,3,No,88.9,Manana,Si
Bueno,Medio,Bajo,101.77,111.0,125.1,14.1,Normal,7408,6,6,No,73.9,Manana,Si
Lluvia,Alto,Alto,222.58,445.2,512.6,67.4,Peligrosa,15370,6,4,No,66.5,Tarde,No
Bueno,Medio,Bajo,160.25,174.8,197.8,23.0,Normal,8120,6,4,No,83.1,Noche,Si
Bueno,Bajo,Bajo,93.12,86.0,88.0,2.0,Normal,12207,11,3,No,83.6,Manana,Si
Lluvia,Medio,Bajo,310.16,338.4,376.0,37.6,Normal,12020,8,4,No,62.1,Manana,No
Lluvia,Medio,Medio,137.13,149.6,201.7,52.1,Normal,11367,5,9,No,75.7,Noche,No
Bueno,Alto,Alto,167.43,334.9,459.2,124.3,Peligrosa,10655,6,11,Si,65.6,Manana,No
Bueno,Medio,Bajo,149.3,162.9,185.9,23.1,Normal,10489,4,8,No,39.9,Manana,Si
Bueno,Medio,Bajo,71.86,95.8,123.2,27.4,Peligrosa,9423,10,8,No,76.6,Noche,Si
Bueno,Bajo,Medio,258.75,238.8,242.7,3.9,Normal,6237,4,4,No,50.6,Noche,Si
Bueno,Medio,Bajo,162.48,177.2,199.2,22.0,Normal,6736,3,7,No,74.9,Tarde,Si
Bueno,Alto,Medio,13.38,30.0,74.7,44.7,Fragil,5700,5,4,No,47.0,Manana,No
Bueno,Medio,Bajo,337.76,368.5,394.0,25.5,Normal,12503,6,3,No,59.2,Tarde,Si
Lluvia,Medio,Alto,287.36,313.5,362.5,49.1,Normal,11692,6,5,No,63.5,Noche,No
Bueno,Alto,Bajo,249.51,427.7,449.7,22.0,Fragil,4907,12,4,No,88.0,Noche,No
Bueno,Alto,Medio,296.07,444.1,482.1,38.0,Normal,9133,4,5,No,62.0,Manana,No
Bueno,Medio,Alto,318.31,347.3,381.7,34.5,Normal,7993,9,3,No,53.9,Noche,No
Bueno,Medio,Medio,124.75,166.3,200.2,33.8,Peligrosa,11467,6,7,No,75.5,Tarde,No
Lluvia,Medio,Medio,217.73,237.5,284.6,47.1,Normal,7660,3,5,No,66.7,Manana,No
Bueno,Medio,Bajo,216.99,236.7,249.2,12.4,Normal,12514,4,3,No,81.9,Manana,Si
Lluvia,Medio,Bajo,100.88,110.1,110.1,0.0,Normal,8953,4,6,No,54.8,Manana,Si
Lluvia,Bajo,Bajo,85.46,78.9,86.4,7.5,Normal,9540,4,3,No,73.2,Noche,Si
Bueno,Alto,Medio,44.21,66.3,87.9,21.6,Normal,9561,6,6,No,100.0,Manana,Si
Lluvia,Alto,Alto,238.75,409.3,470.3,61.0,Fragil,8009,0,4,No,66.4,Tarde,No
Bueno,Alto,Alto,271.71,407.6,468.9,61.4,Normal,9271,8,5,No,72.8,Manana,No
Bueno,Alto,Medio,269.53,462.0,509.8,47.7,Fragil,6285,8,6,No,45.1,Tarde,No
Bueno,Medio,Alto,117.53,128.2,157.1,28.9,Normal,12682,4,3,No,57.2,Manana,Si
Lluvia,Medio,Medio,79.79,87.0,101.8,14.8,Normal,6130,3,6,No,76.9,Noche,Si
Bueno,Medio,Bajo,164.23,179.2,189.4,10.3,Normal,5203,7,5,No,65.1,Tarde,Si
Bueno,Medio,Medio,195.92,235.1,261.1,26.0,Fragil,6362,6,6,No,79.2,Tarde,Si
Bueno,Medio,Bajo,322.49,351.8,366.8,15.0,Normal,11773,5,3,No,76.4,Tarde,Si
Bueno,Bajo,Bajo,307.44,283.8,296.7,12.9,Normal,9899,7,4,No,50.2,Tarde,No
Lluvia,Medio,Alto,321.46,385.8,530.5,144.8,Fragil,7317,11,8,Si,85.2,Noche,No
Bueno,Bajo,Bajo,299.09,276.1,292.8,16.7,Normal,5599,2,5,No,51.4,Manana,Si
Bueno,Bajo,Bajo,337.96,312.0,317.7,5.7,Normal,7570,9,5,No,58.5,Noche,Si
Bueno,Medio,Bajo,168.27,224.4,250.0,25.7,Peligrosa,9014,2,5,No,73.4,Manana,Si
Lluvia,Medio,Bajo,26.14,30.0,55.0,25.0,Normal,8644,8,6,No,93.5,Tarde,Si
Bueno,Bajo,Bajo,38.41,35.5,35.5,0.0,Normal,3589,4,1,No,54.9,Noche,Si
Bueno,Alto,Medio,145.13,217.7,240.7,23.0,Normal,12332,4,5,No,72.2,Noche,Si
Bueno,Alto,Alto,101.35,152.0,206.0,53.9,Normal,12887,3,3,No,72.3,Manana,No
Tormenta,Bajo,Medio,67.78,62.6,105.2,42.7,Normal,9352,10,8,No,79.9,Manana,No
Tormenta,Bajo,Medio,334.09,334.1,397.8,63.7,Fragil,9986,8,7,No,87.8,Noche,No
Lluvia,Medio,Medio,76.44,83.4,132.5,49.1,Normal,9939,4,7,No,63.9,Manana,No
Bueno,Medio,Alto,336.19,403.4,432.1,28.7,Fragil,6822,9,3,No,85.2,Noche,Si
Tormenta,Alto,Alto,264.8,529.6,628.0,98.4,Peligrosa,10096,6,5,No,90.0,Manana,No
Lluvia,Bajo,Medio,227.92,227.9,244.3,16.4,Fragil,5764,6,5,No,96.8,Manana,Si
Lluvia,Medio,Medio,239.85,287.8,330.7,42.9,Fragil,6223,6,3,No,77.5,Tarde,No
Bueno,Bajo,Bajo,122.7,122.7,145.3,22.6,Fragil,7267,4,4,No,72.4,Manana,Si
Bueno,Medio,Medio,229.79,306.4,330.1,23.8,Peligrosa,15158,4,8,No,62.9,Manana,Si
Bueno,Alto,Alto,81.78,122.7,172.1,49.5,Normal,4183,5,7,No,48.1,Manana,No
Tormenta,Bajo,Medio,328.82,303.5,344.1,40.6,Normal,14660,6,2,No,65.8,Noche,No
Bueno,Bajo,Bajo,112.61,103.9,124.1,20.1,Normal,9349,7,3,No,71.7,Tarde,No
Bueno,Medio,Bajo,96.76,105.6,105.6,0.0,Normal,11167,3,2,No,68.4,Noche,Si
Bueno,Medio,Bajo,251.8,274.7,297.0,22.3,Normal,7846,7,9,No,79.0,Manana,Si
Bueno,Alto,Bajo,233.2,399.8,433.5,33.7,Fragil,6653,7,4,No,48.2,Manana,No
Bueno,Alto,Bajo,168.8,253.2,289.3,36.1,Normal,12565,6,5,No,67.3,Manana,Si
Lluvia,Bajo,Medio,225.03,245.5,269.4,23.9,Peligrosa,11524,9,7,No,99.9,Manana,Si
Lluvia,Bajo,Bajo,64.23,59.3,75.0,15.8,Normal,9872,7,1,No,84.9,Manana,Si
Lluvia,Medio,Medio,238.93,260.7,297.4,36.7,Normal,10108,3,5,No,79.2,Manana,No
Bueno,Bajo,Bajo,102.01,94.2,114.3,20.1,Normal,9185,4,9,No,75.9,Manana,Si
Lluvia,Alto,Medio,102.44,153.7,216.2,62.6,Normal,7039,5,6,No,64.5,Tarde,No
Bueno,Medio,Medio,65.14,71.1,87.2,16.1,Normal,8626,6,2,No,43.7,Manana,Si
Lluvia,Bajo,Bajo,123.01,113.5,129.5,16.0,Normal,6625,8,3,No,76.9,Tarde,Si
Bueno,Alto,Bajo,130.37,195.5,226.5,30.9,Normal,11023,6,5,No,33.3,Manana,No
Bueno,Bajo,Alto,164.42,151.8,183.7,31.9,Normal,10429,6,3,No,65.1,Tarde,No
Bueno,Medio,Bajo,74.74,81.5,127.2,45.7,Normal,8946,2,1,Si,69.9,Tarde,No
Bueno,Medio,Bajo,75.62,82.5,89.1,6.6,Normal,7579,10,3,No,63.3,Noche,Si
Bueno,Medio,Medio,194.19,211.8,230.4,18.6,Normal,14268,11,6,No,100.0,Noche,Si
Bueno,Medio,Bajo,53.82,58.7,73.3,14.6,Normal,5745,8,8,No,97.4,Manana,Si
Bueno,Medio,Bajo,244.22,266.4,350.3,83.8,Normal,5138,6,7,Si,85.5,Manana,No
Bueno,Alto,Medio,339.11,508.7,541.7,33.1,Normal,8795,3,2,No,56.1,Noche,No
Bueno,Alto,Medio,159.73,239.6,291.5,51.9,Normal,8355,8,8,No,98.8,Noche,No
Tormenta,Medio,Alto,316.38,379.7,468.0,88.3,Fragil,4851,8,7,No,79.3,Tarde,No
Bueno,Bajo,Medio,43.43,47.4,78.4,31.0,Peligrosa,10572,6,5,No,55.9,Manana,No
Bueno,Medio,Bajo,24.61,32.8,51.2,18.4,Peligrosa,12339,12,3,No,70.5,Tarde,Si
Bueno,Alto,Medio,255.45,383.2,415.9,32.8,Normal,10251,9,5,No,84.4,Noche,No
Bueno,Medio,Bajo,268.75,293.2,310.1,17.0,Normal,10205,9,2,No,61.0,Manana,Si
Tormenta,Medio,Bajo,296.64,323.6,381.5,57.9,Normal,14259,8,8,No,72.1,Manana,Si
Bueno,Medio,Alto,29.32,35.2,75.7,40.5,Fragil,4550,5,3,No,74.7,Noche,No
Lluvia,Bajo,Medio,274.15,274.1,307.8,33.6,Fragil,9434,5,7,No,53.5,Tarde,No
Bueno,Medio,Bajo,138.02,165.6,188.4,22.8,Fragil,4585,6,4,No,65.9,Manana,Si
Bueno,Medio,Bajo,113.13,135.8,168.7,32.9,Fragil,3886,8,8,No,54.6,Manana,No
Bueno,Medio,Bajo,68.83,75.1,80.0,4.9,Normal,8918,9,1,No,83.0,Tarde,Si
Tormenta,Alto,Alto,339.32,581.7,674.5,92.8,Fragil,7982,4,2,No,56.4,Tarde,No
Bueno,Alto,Medio,29.31,50.2,91.3,41.0,Fragil,5726,3,8,No,74.4,Tarde,No
Bueno,Medio,Alto,291.18,317.7,381.0,63.4,Normal,9746,6,7,No,49.1,Manana,No
Bueno,Medio,Bajo,227.43,303.2,326.2,22.9,Peligrosa,10702,9,2,No,53.0,Manana,Si
Bueno,Medio,Bajo,259.93,283.6,298.3,14.7,Normal,11758,4,6,No,52.3,Tarde,Si
Bueno,Alto,Alto,255.79,511.6,592.9,81.3,Peligrosa,11129,4,13,No,65.7,Manana,Si
Bueno,Medio,Medio,301.87,362.2,381.7,19.5,Fragil,2277,8,4,No,72.7,Manana,Si
Bueno,Alto,Bajo,70.8,106.2,126.8,20.6,Normal,8210,4,1,No,75.5,Tarde,Si
Lluvia,Bajo,Medio,10.28,30.0,158.7,128.7,Fragil,8724,7,5,Si,43.4,Manana,No
Lluvia,Alto,Alto,214.26,321.4,386.8,65.4,Normal,11445,5,5,No,67.5,Tarde,No
Bueno,Bajo,Bajo,130.31,130.3,141.6,11.3,Fragil,5607,3,2,No,58.7,Manana,Si
Bueno,Bajo,Bajo,52.09,52.1,60.8,8.7,Fragil,4563,6,5,No,78.0,Tarde,Si
Bueno,Medio,Medio,73.29,87.9,120.1,32.1,Fragil,6417,6,10,No,66.0,Tarde,No
Lluvia,Bajo,Alto,122.79,122.8,165.1,42.3,Fragil,6658,8,5,No,68.8,Tarde,No
Bueno,Bajo,Bajo,33.88,31.3,37.1,5.8,Normal,8357,9,4,No,58.8,Noche,Si
Lluvia,Bajo,Bajo,29.35,30.0,45.5,15.5,Normal,8914,5,4,No,95.9,Manana,Si
Lluvia,Medio,Medio,321.45,350.7,366.8,16.1,Normal,8860,9,4,No,50.7,Noche,Si
Lluvia,Medio,Medio,116.11,126.7,169.3,42.6,Normal,10125,5,7,No,64.0,Manana,No
Bueno,Bajo,Bajo,343.96,317.5,331.8,14.3,Normal,6128,6,4,No,71.6,Noche,No
Tormenta,Medio,Medio,337.88,368.6,459.9,91.3,Normal,10406,5,7,No,66.2,Manana,No
Bueno,Alto,Medio,65.67,98.5,133.8,35.3,Normal,7198,1,3,No,58.5,Tarde,No
Bueno,Bajo,Bajo,253.07,233.6,253.7,20.1,Normal,7285,7,6,No,42.8,Manana,Si
Bueno,Bajo,Alto,214.27,214.3,233.1,18.8,Fragil,6138,4,0,No,59.6,Manana,Si
Bueno,Alto,Medio,239.8,359.7,371.8,12.1,Normal,6512,7,6,No,55.6,Manana,Si
Lluvia,Alto,Alto,33.09,56.7,89.9,33.2,Fragil,5831,8,3,No,95.2,Manana,No
Lluvia,Medio,Medio,74.11,80.8,119.5,38.7,Normal,9253,8,5,No,100.0,Manana,No
Bueno,Alto,Bajo,36.79,55.2,101.6,46.4,Normal,4879,7,4,No,69.2,Manana,No
Tormenta,Bajo,Medio,215.41,198.8,242.6,43.7,Normal,12411,3,7,No,48.9,Tarde,No
Bueno,Medio,Bajo,345.44,376.8,396.5,19.7,Normal,9776,6,6,No,81.1,Manana,Si
Bueno,Medio,Medio,238.47,260.2,271.8,11.6,Normal,9985,3,3,No,55.3,Manana,Si
Bueno,Bajo,Bajo,251.66,232.3,237.5,5.2,Normal,11518,12,5,No,61.8,Noche,Si
Tormenta,Medio,Bajo,344.76,376.1,429.7,53.6,Normal,12748,5,6,No,60.6,Tarde,No
Bueno,Medio,Bajo,240.52,262.4,278.7,16.3,Normal,9503,3,7,No,62.5,Manana,Si
Bueno,Medio,Alto,23.66,30.0,56.3,26.3,Normal,10543,7,6,No,64.7,Manana,Si
Bueno,Medio,Bajo,304.78,332.5,343.8,11.3,Normal,9928,7,5,No,50.3,Manana,Si
Tormenta,Medio,Alto,133.99,160.8,256.0,95.2,Fragil,7932,6,5,No,59.5,Tarde,No
Lluvia,Bajo,Bajo,11.48,30.0,37.3,7.3,Normal,5041,1,11,No,85.3,Noche,Si
Lluvia,Bajo,Bajo,182.46,199.0,239.6,40.5,Peligrosa,11504,7,7,No,69.5,Tarde,No
Lluvia,Medio,Medio,328.59,394.3,427.9,33.6,Fragil,5365,5,4,No,71.9,Noche,No
Lluvia,Bajo,Bajo,97.49,106.4,136.1,29.8,Peligrosa,7260,3,10,No,36.5,Tarde,Si
Bueno,Bajo,Medio,177.11,177.1,196.1,19.0,Fragil,6060,2,6,No,84.2,Noche,Si
Bueno,Bajo,Bajo,69.08,63.8,80.2,16.5,Normal,11744,4,1,No,59.7,Tarde,Si
Lluvia,Bajo,Medio,29.62,30.0,55.7,25.7,Normal,8226,4,6,No,86.9,Tarde,Si
Lluvia,Alto,Alto,43.52,65.3,129.8,64.5,Normal,3770,3,4,No,72.3,Tarde,No
Bueno,Medio,Medio,257.18,308.6,345.7,37.1,Fragil,4210,5,3,No,61.6,Tarde,No
Bueno,Alto,Medio,296.46,444.7,478.6,33.9,Normal,6637,6,6,No,44.8,Manana,No
Lluvia,Bajo,Medio,58.72,54.2,91.0,36.8,Normal,13452,6,6,No,100.0,Manana,No
Bueno,Medio,Medio,108.03,144.0,171.5,27.4,Peligrosa,9480,10,6,No,82.0,Manana,Si
Tormenta,Medio,Alto,76.31,83.2,137.2,53.9,Normal,8431,7,2,No,82.9,Manana,No
Bueno,Medio,Bajo,19.13,30.0,30.1,0.1,Normal,10148,3,5,No,97.3,Noche,Si
Bueno,Alto,Medio,199.21,341.5,381.4,39.9,Fragil,7236,3,3,No,73.4,Tarde,No
Lluvia,Alto,Medio,254.69,382.0,418.5,36.4,Normal,11500,3,4,No,90.3,Manana,No
Bueno,Alto,Medio,225.87,338.8,384.7,45.9,Normal,9596,0,10,No,62.8,Manana,No
Bueno,Bajo,Bajo,141.94,141.9,158.1,16.1,Fragil,7009,7,5,No,81.1,Manana,Si
Bueno,Bajo,Bajo,198.7,183.4,183.4,0.0,Normal,9294,6,5,No,60.5,Noche,Si
Lluvia,Medio,Bajo,41.99,45.8,67.4,21.5,Normal,10455,3,5,No,62.4,Noche,Si
Bueno,Bajo,Medio,62.46,57.7,60.8,3.1,Normal,6659,10,1,No,71.5,Manana,Si
Bueno,Medio,Medio,326.81,392.2,429.0,36.8,Fragil,2837,5,5,No,51.0,Manana,No
Lluvia,Medio,Medio,268.91,293.4,437.9,144.6,Normal,8280,1,7,Si,74.9,Noche,Si
Tormenta,Medio,Alto,323.73,431.6,532.7,101.1,Peligrosa,14976,9,6,No,65.3,Tarde,No
Bueno,Alto,Alto,313.79,537.9,581.5,43.6,Fragil,6120,8,5,No,40.2,Noche,No
Bueno,Medio,Medio,230.79,251.8,296.2,44.4,Normal,5451,3,6,No,63.1,Manana,No
Bueno,Bajo,Bajo,325.6,300.6,325.9,25.4,Normal,10652,7,6,No,64.8,Manana,Si
Bueno,Bajo,Bajo,151.68,140.0,179.7,39.7,Normal,6924,4,2,Si,82.8,Tarde,Si
Bueno,Medio,Bajo,11.23,30.0,60.1,30.1,Fragil,8137,3,4,No,74.3,Manana,No
Lluvia,Medio,Medio,31.27,34.1,73.8,39.6,Normal,11337,6,3,No,91.7,Noche,No
Bueno,Bajo,Bajo,47.23,43.6,54.7,11.1,Normal,8011,5,1,No,77.8,Tarde,Si
Bueno,Medio,Medio,42.42,46.3,86.2,39.9,Normal,6590,6,6,No,61.7,Manana,No
Lluvia,Medio,Alto,129.58,172.8,233.8,61.0,Peligrosa,9877,6,6,No,69.1,Manana,No
Bueno,Alto,Alto,245.57,368.3,405.1,36.7,Normal,11182,4,1,No,64.8,Tarde,No
Bueno,Medio,Medio,278.82,334.6,354.9,20.4,Fragil,4549,4,3,No,77.3,Noche,Si
Lluvia,Medio,Alto,210.67,229.8,305.6,75.8,Normal,12671,6,5,Si,70.9,Manana,No
Lluvia,Bajo,Medio,59.79,65.2,105.7,40.4,Peligrosa,14754,7,8,No,60.6,Tarde,No
Lluvia,Medio,Medio,264.29,288.3,327.7,39.4,Normal,7449,5,5,No,70.1,Manana,No
Bueno,Medio,Medio,130.63,142.5,163.0,20.5,Normal,6496,7,3,No,76.9,Noche,Si
Bueno,Medio,Bajo,14.42,30.0,55.2,25.2,Peligrosa,6547,6,6,No,54.9,Tarde,Si
Tormenta,Medio,Medio,105.4,140.5,210.7,70.2,Peligrosa,10078,5,3,No,74.8,Manana,No
Bueno,Bajo,Alto,122.4,113.0,136.0,23.0,Normal,12474,4,4,No,46.3,Tarde,Si
Bueno,Bajo,Bajo,103.24,95.3,189.0,93.7,Normal,9059,3,6,Si,86.6,Tarde,No
Bueno,Bajo,Bajo,286.04,264.0,289.5,25.5,Normal,12033,4,4,No,77.9,Tarde,Si
Lluvia,Alto,Alto,265.06,397.6,476.5,78.9,Normal,8464,6,5,No,94.4,Manana,No
Tormenta,Medio,Medio,246.49,268.9,335.6,66.7,Normal,7046,8,5,No,53.3,Tarde,No
Bueno,Bajo,Bajo,57.26,57.3,58.8,1.5,Fragil,2931,12,5,No,87.0,Noche,Si
Tormenta,Alto,Medio,292.12,438.2,523.6,85.4,Normal,7734,6,3,No,84.0,Manana,No
Bueno,Medio,Bajo,240.24,288.3,298.9,10.6,Fragil,6854,8,6,No,67.3,Manana,Si
Bueno,Medio,Bajo,76.24,83.2,91.1,7.9,Normal,14024,8,6,No,64.4,Noche,Si
Lluvia,Alto,Bajo,231.49,347.2,416.4,69.2,Normal,10098,5,6,No,53.7,Tarde,No
Bueno,Bajo,Medio,174.39,174.4,195.4,21.0,Fragil,3914,7,6,No,49.8,Manana,Si
Bueno,Bajo,Bajo,159.38,147.1,147.1,0.0,Normal,13305,9,8,No,58.7,Noche,No
Bueno,Medio,Medio,48.12,57.7,71.5,13.7,Fragil,8415,10,4,No,51.2,Manana,Si
Tormenta,Bajo,Bajo,186.22,171.9,210.4,38.5,Normal,8657,7,7,No,93.9,Noche,No
Bueno,Medio,Bajo,43.98,58.6,93.4,34.8,Peligrosa,9497,4,4,No,47.5,Manana,No
Tormenta,Bajo,Medio,65.85,65.8,100.0,34.1,Fragil,7273,7,5,No,72.2,Manana,No
Lluvia,Bajo,Medio,55.07,55.1,75.0,19.9,Fragil,8733,7,6,No,76.5,Noche,Si
Bueno,Bajo,Bajo,334.4,308.7,333.7,25.1,Normal,10964,6,7,No,75.4,Tarde,Si
Lluvia,Medio,Medio,106.85,116.6,212.1,95.5,Normal,12265,4,4,Si,76.7,Manana,No
Bueno,Bajo,Bajo,130.77,120.7,130.3,9.6,Normal,12337,7,6,No,84.2,Noche,Si
Bueno,Bajo,Bajo,119.51,110.3,114.1,3.8,Normal,9004,3,7,No,63.3,Noche,Si
Lluvia,Alto,Alto,321.07,481.6,537.0,55.4,Normal,7779,7,4,No,71.3,Noche,No
Lluvia,Medio,Bajo,201.41,219.7,237.1,17.4,Normal,8711,4,1,No,65.6,Manana,Si
Bueno,Medio,Bajo,322.51,351.8,388.6,36.7,Normal,6533,6,5,No,89.5,Manana,No
Bueno,Bajo,Bajo,111.97,103.4,109.1,5.7,Normal,8835,5,5,No,100.0,Tarde,Si
Lluvia,Medio,Alto,49.04,53.5,92.0,38.5,Normal,8989,3,5,No,52.1,Noche,No
Lluvia,Bajo,Medio,199.11,183.8,271.8,88.0,Normal,13223,4,9,Si,39.5,Manana,No
Lluvia,Medio,Medio,127.48,139.1,183.2,44.2,Normal,10483,5,7,No,78.5,Manana,No
Bueno,Bajo,Bajo,282.65,282.6,291.7,9.1,Fragil,5991,7,5,No,86.1,Manana,Si
Bueno,Alto,Medio,302.92,454.4,488.2,33.8,Normal,3601,8,5,No,99.4,Manana,No
Bueno,Alto,Bajo,176.68,265.0,297.6,32.6,Normal,5957,11,2,No,81.1,Tarde,No
Lluvia,Bajo,Bajo,340.26,314.1,324.8,10.7,Normal,8112,11,3,No,90.9,Manana,Si
Lluvia,Bajo,Medio,198.02,198.0,309.9,111.8,Fragil,6494,3,2,Si,94.9,Tarde,No
Bueno,Bajo,Bajo,102.11,94.3,106.0,11.8,Normal,8726,10,0,No,92.0,Tarde,Si
Bueno,Medio,Bajo,176.25,192.3,211.4,19.1,Normal,5330,6,7,No,83.2,Manana,Si
Bueno,Bajo,Medio,22.69,30.0,37.5,7.5,Peligrosa,14550,9,7,No,50.8,Noche,Si
Lluvia,Alto,Alto,274.77,412.2,510.7,98.6,Normal,6006,2,4,No,69.9,Manana,No
Lluvia,Medio,Bajo,44.49,59.3,120.6,61.3,Peligrosa,7057,7,2,Si,74.5,Manana,No
Bueno,Alto,Alto,114.28,195.9,218.6,22.6,Fragil,4516,7,6,No,68.5,Manana,Si
Bueno,Medio,Bajo,202.21,220.6,238.2,17.7,Normal,8121,5,5,No,69.4,Tarde,Si
Bueno,Alto,Bajo,20.19,30.3,76.6,46.3,Normal,9433,3,2,No,93.5,Manana,No
Bueno,Bajo,Bajo,36.97,37.0,63.6,26.6,Fragil,5466,5,9,No,58.6,Noche,Si
Lluvia,Medio,Alto,246.68,328.9,390.6,61.7,Peligrosa,17172,3,6,No,82.0,Manana,No
Bueno,Medio,Bajo,34.4,37.5,44.7,7.2,Normal,6898,10,4,No,74.7,Manana,Si
Bueno,Alto,Medio,178.55,267.8,306.3,38.5,Normal,8223,8,3,No,57.1,Noche,No
Tormenta,Medio,Alto,125.16,136.5,228.2,91.7,Normal,9843,4,6,No,53.9,Noche,No
Bueno,Alto,Medio,87.78,131.7,180.1,48.4,Normal,12547,5,3,No,44.5,Tarde,No
Bueno,Bajo,Bajo,74.18,74.2,86.9,12.7,Fragil,6656,11,1,No,77.3,Manana,Si
Bueno,Alto,Bajo,275.87,413.8,464.9,51.1,Normal,5952,9,6,No,69.1,Manana,No
Bueno,Medio,Medio,333.52,400.2,424.9,24.7,Fragil,5734,2,8,No,57.6,Manana,Si
Bueno,Medio,Bajo,57.66,69.2,90.5,21.3,Fragil,8181,9,6,No,41.9,Tarde,Si
Bueno,Alto,Medio,346.26,593.6,648.3,54.7,Fragil,3874,5,4,No,76.5,Tarde,No
Bueno,Medio,Bajo,212.22,254.7,272.6,18.0,Fragil,3601,2,3,No,67.4,Manana,Si
Bueno,Medio,Medio,228.16,273.8,302.7,28.9,Fragil,6331,4,6,No,59.3,Tarde,Si
Bueno,Medio,Medio,251.37,301.6,341.6,40.0,Fragil,8081,4,6,No,55.5,Tarde,No
Lluvia,Bajo,Medio,249.4,249.4,294.3,44.9,Fragil,6488,4,1,No,66.4,Manana,Si
Bueno,Medio,Bajo,288.74,315.0,342.1,27.1,Normal,6843,5,4,No,77.0,Manana,No
Bueno,Bajo,Bajo,174.38,161.0,175.0,14.0,Normal,13982,3,4,No,65.1,Noche,Si
Bueno,Bajo,Bajo,191.34,176.6,183.8,7.2,Normal,4177,8,3,No,52.2,Manana,Si
Lluvia,Alto,Bajo,115.88,198.7,248.7,50.1,Fragil,4231,8,6,No,69.1,Manana,No
Lluvia,Medio,Medio,45.79,54.9,100.8,45.8,Fragil,6205,4,3,No,85.7,Manana,No
Bueno,Medio,Bajo,235.98,257.4,265.2,7.8,Normal,10607,5,2,No,70.6,Tarde,Si
Bueno,Medio,Bajo,21.43,30.0,32.7,2.7,Normal,7229,4,4,No,71.0,Tarde,Si
Bueno,Medio,Bajo,103.72,113.1,133.1,20.0,Normal,11923,11,3,No,65.1,Tarde,Si
Bueno,Medio,Bajo,42.04,50.4,74.7,24.2,Fragil,6886,7,2,No,56.7,Manana,Si
Bueno,Alto,Medio,82.78,124.2,169.3,45.1,Normal,6034,6,6,No,56.2,Tarde,No
Bueno,Alto,Medio,220.29,330.4,378.7,48.2,Normal,6263,5,7,No,45.1,Manana,No
Bueno,Medio,Bajo,223.68,268.4,271.6,3.2,Fragil,5775,9,7,No,87.7,Noche,Si
Bueno,Medio,Bajo,153.16,183.8,215.5,31.7,Fragil,5708,7,6,No,76.9,Noche,No
Bueno,Medio,Medio,40.66,44.4,68.8,24.4,Normal,13501,5,5,No,71.2,Tarde,No
Bueno,Medio,Medio,157.35,171.7,190.5,18.8,Normal,11622,7,2,No,74.4,Manana,No
Lluvia,Medio,Alto,129.93,173.2,236.9,63.7,Peligrosa,13768,5,6,No,75.1,Tarde,No
Bueno,Medio,Medio,254.96,305.9,326.1,20.1,Fragil,8588,9,3,No,59.0,Manana,Si
Tormenta,Medio,Alto,206.87,248.2,295.8,47.6,Fragil,4881,5,3,No,65.1,Manana,No
Bueno,Medio,Medio,177.13,193.2,218.7,25.5,Normal,6827,9,4,No,62.9,Noche,Si
Lluvia,Medio,Alto,175.57,191.5,231.3,39.8,Normal,2306,6,3,No,100.0,Manana,No
Tormenta,Medio,Alto,338.54,369.3,431.2,61.9,Normal,7984,5,8,No,85.3,Manana,No
Tormenta,Bajo,Medio,267.14,267.1,348.7,81.6,Fragil,9259,4,7,No,72.5,Tarde,No
Lluvia,Bajo,Medio,178.97,165.2,198.0,32.8,Normal,6930,5,11,No,90.5,Tarde,No
Lluvia,Medio,Bajo,172.94,188.7,194.6,5.9,Normal,8475,7,1,No,88.6,Tarde,Si
Lluvia,Medio,Medio,19.0,30.0,70.2,40.2,Fragil,5004,4,9,No,49.3,Manana,No
Lluvia,Bajo,Alto,330.45,360.5,406.6,46.1,Peligrosa,11936,10,4,No,66.7,Tarde,No
Bueno,Medio,Bajo,118.52,142.2,159.7,17.5,Fragil,5848,8,3,No,69.8,Manana,Si
Bueno,Medio,Bajo,97.02,105.8,108.8,2.9,Normal,5152,6,4,No,79.2,Noche,Si
Bueno,Bajo,Bajo,349.8,322.9,333.1,10.2,Normal,5631,9,1,No,66.6,Manana,Si
Lluvia,Alto,Medio,244.6,366.9,413.9,47.0,Normal,12717,8,6,No,68.5,Manana,No
Bueno,Alto,Medio,18.62,30.0,60.7,30.7,Normal,10833,11,5,No,63.1,Tarde,No
Bueno,Medio,Bajo,31.04,33.9,54.5,20.7,Normal,8352,3,4,No,85.7,Manana,Si
Lluvia,Medio,Medio,18.67,30.0,64.0,34.0,Normal,13268,6,2,No,48.3,Tarde,No
Bueno,Bajo,Bajo,213.87,197.4,203.4,5.9,Normal,5587,7,3,No,63.6,Manana,Si
Bueno,Alto,Bajo,36.88,63.2,111.9,48.7,Fragil,5246,4,10,No,42.3,Manana,No
Bueno,Medio,Bajo,327.35,436.5,458.6,22.1,Peligrosa,9713,6,2,No,54.6,Manana,Si
Bueno,Alto,Bajo,334.51,501.8,539.6,37.9,Normal,10516,7,3,No,74.8,Manana,Si
Bueno,Medio,Bajo,195.66,213.4,235.0,21.6,Normal,3032,5,5,No,75.0,Manana,Si
Bueno,Bajo,Bajo,219.66,202.8,222.2,19.4,Normal,8348,6,5,No,65.3,Manana,Si
Bueno,Bajo,Bajo,109.24,100.8,105.7,4.9,Normal,10842,4,6,No,86.9,Manana,Si
Bueno,Medio,Alto,31.75,34.6,63.7,29.1,Normal,8842,4,9,No,90.3,Noche,Si
Bueno,Medio,Medio,260.74,284.4,346.9,62.5,Normal,12138,4,3,No,69.0,Tarde,No
Lluvia,Bajo,Bajo,44.61,44.6,64.6,19.9,Fragil,7867,8,4,No,73.8,Manana,Si
Bueno,Medio,Bajo,39.09,42.6,56.8,14.1,Normal,6604,3,3,No,63.2,Manana,Si
Tormenta,Alto,Medio,113.75,227.5,297.4,69.9,Peligrosa,13049,2,4,No,79.4,Manana,No
Tormenta,Medio,Bajo,14.24,30.0,45.4,15.4,Normal,6518,9,5,No,52.1,Manana,Si
Bueno,Medio,Alto,157.57,171.9,203.0,31.1,Normal,9135,3,7,No,96.9,Manana,No
Bueno,Bajo,Bajo,250.61,231.3,251.1,19.8,Normal,10640,3,8,No,87.1,Manana,Si
Bueno,Medio,Medio,282.46,308.1,329.6,21.5,Normal,6912,11,4,No,52.0,Noche,Si
Lluvia,Medio,Medio,215.46,235.1,279.3,44.3,Normal,10967,11,5,No,58.2,Tarde,No
Lluvia,Alto,Alto,298.96,597.9,674.0,76.1,Peligrosa,13283,7,3,No,76.3,Manana,No
Lluvia,Medio,Alto,148.21,161.7,195.0,33.3,Normal,7548,8,5,No,64.9,Manana,No
Bueno,Medio,Bajo,298.58,325.7,356.7,30.9,Normal,10767,5,4,No,78.2,Manana,Si
Lluvia,Bajo,Bajo,182.2,168.2,172.2,4.0,Normal,6910,11,4,No,64.6,Manana,Si
Bueno,Bajo,Bajo,85.83,79.2,88.4,9.2,Normal,6783,7,3,No,92.9,Tarde,Si
Lluvia,Medio,Medio,331.01,361.1,396.4,35.3,Normal,11603,5,3,No,70.1,Manana,No
Bueno,Medio,Bajo,103.49,112.9,119.0,6.1,Normal,9271,4,7,No,100.0,Manana,Si
Lluvia,Medio,Medio,18.91,30.0,57.4,27.4,Fragil,5611,8,4,No,79.0,Manana,Si
Lluvia,Alto,Alto,91.99,138.0,212.8,74.8,Normal,11139,8,6,No,49.8,Tarde,No
Bueno,Alto,Bajo,141.48,212.2,256.7,44.5,Normal,7983,5,4,No,100.0,Manana,No
Lluvia,Alto,Alto,120.87,207.2,260.6,53.4,Fragil,8471,3,5,No,86.5,Noche,No
Bueno,Bajo,Bajo,188.39,188.4,194.3,5.9,Fragil,5122,13,5,No,75.7,Manana,Si
Lluvia,Medio,Bajo,310.26,338.5,362.4,23.9,Normal,11259,3,6,No,79.7,Manana,Si
Bueno,Alto,Alto,109.62,164.4,205.5,41.1,Normal,6850,3,6,No,52.2,Manana,No
Tormenta,Medio,Medio,187.06,204.1,262.7,58.6,Normal,5890,5,3,No,42.9,Tarde,No
Bueno,Bajo,Bajo,125.65,116.0,120.8,4.8,Normal,10599,4,4,No,69.4,Manana,Si
Tormenta,Alto,Alto,281.9,422.8,551.1,128.3,Normal,11014,5,6,No,90.7,Manana,No
Lluvia,Medio,Bajo,63.58,76.3,115.8,39.5,Fragil,6807,2,3,No,75.9,Manana,No
Bueno,Medio,Bajo,45.19,49.3,53.3,3.9,Normal,11282,2,5,No,95.6,Manana,Si
Lluvia,Alto,Medio,185.62,318.2,364.2,46.0,Fragil,5688,5,4,No,89.8,Manana,No
Lluvia,Medio,Bajo,238.44,260.1,293.3,33.1,Normal,12367,3,5,No,70.3,Tarde,No
Tormenta,Medio,Alto,280.48,336.6,400.5,63.9,Fragil,4209,8,6,No,87.8,Tarde,No
Bueno,Medio,Medio,210.47,252.6,262.9,10.3,Fragil,8104,4,5,No,92.8,Tarde,Si
Bueno,Medio,Bajo,273.11,297.9,329.8,31.9,Normal,7891,3,7,No,68.8,Noche,No
Bueno,Bajo,Bajo,143.52,132.5,149.5,17.0,Normal,8860,1,7,No,66.8,Manana,Si
Lluvia,Medio,Alto,21.18,30.0,47.2,17.2,Normal,10102,7,5,No,72.1,Noche,Si
Bueno,Alto,Bajo,40.84,70.0,143.7,73.7,Fragil,5478,8,4,Si,33.8,Manana,No
Bueno,Bajo,Bajo,23.17,30.0,47.9,17.9,Normal,7077,7,4,No,74.2,Manana,Si
Bueno,Medio,Medio,121.84,132.9,248.8,115.9,Normal,5431,5,8,Si,80.8,Tarde,No
Bueno,Alto,Medio,186.32,279.5,305.8,26.3,Normal,9588,9,2,No,72.2,Manana,Si
Bueno,Bajo,Bajo,131.15,131.1,144.0,12.8,Fragil,5926,3,6,No,75.2,Manana,Si
Lluvia,Medio,Medio,200.6,218.8,297.5,78.6,Normal,7368,5,7,Si,69.3,Tarde,No
Lluvia,Medio,Bajo,173.41,189.2,216.2,27.0,Normal,11051,3,2,No,40.0,Manana,Si
Bueno,Medio,Medio,240.5,320.7,335.6,14.9,Peligrosa,14001,9,3,No,94.9,Manana,Si
Bueno,Bajo,Bajo,236.77,218.6,241.0,22.4,Normal,7275,4,5,No,64.5,Tarde,Si
Tormenta,Medio,Medio,118.14,141.8,196.1,54.3,Fragil,8170,9,5,No,60.7,Manana,No
Bueno,Medio,Medio,127.71,139.3,168.2,28.8,Normal,11322,5,5,No,90.4,Manana,Si
Bueno,Medio,Bajo,208.95,227.9,245.3,17.3,Normal,7011,5,6,No,84.7,Manana,Si
Bueno,Bajo,Bajo,212.79,212.8,234.8,22.0,Fragil,6047,7,8,No,74.1,Noche,Si
Lluvia,Medio,Medio,117.0,140.4,178.2,37.8,Fragil,5228,11,4,No,81.5,Noche,No
Bueno,Medio,Bajo,122.31,146.8,172.4,25.6,Fragil,6030,8,2,No,52.7,Tarde,Si
Lluvia,Bajo,Bajo,245.98,227.1,238.3,11.3,Normal,9360,4,4,No,68.8,Manana,Si
Lluvia,Bajo,Bajo,230.12,212.4,228.6,16.2,Normal,10401,6,2,No,89.4,Manana,Si
Bueno,Bajo,Bajo,55.92,51.6,52.3,0.7,Normal,9794,7,3,No,59.8,Manana,Si
Lluvia,Medio,Medio,159.95,174.5,206.4,31.9,Normal,9683,3,3,No,55.0,Tarde,No
Lluvia,Bajo,Bajo,313.52,289.4,328.4,38.9,Normal,6304,4,3,No,71.2,Tarde,No
Bueno,Alto,Alto,14.72,30.0,76.9,46.9,Normal,9971,7,3,No,71.5,Tarde,No
Bueno,Medio,Medio,300.76,328.1,365.8,37.7,Normal,10378,6,6,No,79.7,Manana,No
Bueno,Alto,Bajo,58.79,88.2,99.6,11.4,Normal,10722,6,5,No,49.3,Noche,Si
Bueno,Alto,Bajo,184.28,276.4,343.2,66.8,Normal,7201,9,8,No,31.8,Manana,No
Bueno,Bajo,Bajo,154.27,142.4,148.7,6.2,Normal,11289,4,10,No,83.8,Manana,Si
Tormenta,Medio,Medio,13.44,30.0,52.4,22.4,Fragil,5648,5,8,No,53.8,Manana,Si
Bueno,Alto,Alto,315.14,540.2,578.5,38.2,Fragil,5245,2,5,No,60.9,Tarde,No
Bueno,Medio,Medio,164.67,179.6,203.3,23.6,Normal,8311,4,6,No,37.3,Noche,Si
Lluvia,Medio,Bajo,334.45,401.3,442.1,40.8,Fragil,5841,8,6,No,85.3,Manana,No
Bueno,Medio,Bajo,107.49,129.0,131.7,2.7,Fragil,6605,12,7,No,75.3,Noche,Si
Tormenta,Bajo,Medio,304.53,281.1,330.4,49.3,Normal,9554,5,6,No,74.7,Manana,No
Lluvia,Medio,Medio,323.61,353.0,413.6,60.5,Normal,4436,5,6,No,74.6,Manana,No
Bueno,Alto,Bajo,198.76,298.1,334.8,36.7,Normal,8013,6,5,No,39.1,Manana,No
Bueno,Alto,Alto,85.75,128.6,160.6,32.0,Normal,4629,5,5,No,55.2,Manana,No
Tormenta,Bajo,Alto,242.98,243.0,352.5,109.6,Fragil,4629,8,3,Si,63.2,Noche,No
Lluvia,Medio,Alto,196.65,262.2,331.8,69.6,Peligrosa,11765,6,6,No,58.8,Manana,No
Tormenta,Medio,Medio,331.14,361.2,470.3,109.0,Normal,9315,6,10,Si,65.9,Manana,No
Bueno,Alto,Medio,163.76,280.7,329.4,48.7,Fragil,5217,9,4,No,73.7,Manana,Si
Lluvia,Bajo,Medio,101.29,93.5,118.0,24.5,Normal,10511,7,2,No,85.1,Tarde,Si
Lluvia,Alto,Medio,51.04,76.6,96.0,19.4,Normal,11445,4,7,No,47.8,Noche,Si
Bueno,Alto,Medio,252.74,433.3,480.6,47.3,Fragil,7781,7,6,No,69.9,Noche,No
Bueno,Bajo,Alto,341.2,315.0,372.1,57.1,Normal,12275,3,5,Si,80.7,Manana,No
Lluvia,Bajo,Medio,19.64,30.0,39.6,9.6,Normal,12115,8,6,No,56.1,Manana,Si
Bueno,Alto,Alto,258.94,388.4,452.1,63.7,Normal,8834,9,4,No,67.1,Manana,No
Bueno,Bajo,Bajo,325.16,354.7,427.8,73.1,Peligrosa,8846,5,8,Si,77.0,Noche,Si
Lluvia,Medio,Medio,35.43,38.6,47.4,8.8,Normal,1243,7,4,No,70.2,Manana,Si
Bueno,Alto,Medio,52.59,78.9,101.9,23.1,Normal,5890,2,5,No,80.1,Noche,Si
Bueno,Medio,Bajo,245.27,267.6,303.9,36.4,Normal,10297,6,8,No,71.4,Noche,No
Bueno,Medio,Bajo,230.31,251.2,276.8,25.5,Normal,12002,6,6,No,65.3,Tarde,Si
Bueno,Medio,Medio,33.4,36.4,58.5,22.0,Normal,10822,10,5,No,52.4,Tarde,Si
Tormenta,Bajo,Medio,293.7,293.7,355.4,61.7,Fragil,4006,4,3,No,73.7,Manana,No
Lluvia,Alto,Alto,178.35,305.7,384.7,79.0,Fragil,9515,3,4,No,71.5,Manana,No
Bueno,Medio,Medio,318.45,382.1,423.6,41.4,Fragil,6031,3,9,No,55.1,Manana,No
Tormenta,Bajo,Alto,308.52,308.5,358.4,49.8,Fragil,7576,4,8,No,78.7,Manana,No
Lluvia,Bajo,Bajo,286.25,264.2,284.0,19.7,Normal,14455,10,7,No,89.0,Tarde,Si
Bueno,Alto,Medio,193.79,290.7,330.7,40.0,Normal,6260,4,3,No,60.1,Manana,No
Lluvia,Bajo,Medio,95.58,88.2,126.4,38.2,Normal,5320,8,11,No,59.1,Noche,No
Bueno,Alto,Bajo,189.53,284.3,334.3,50.0,Normal,7947,7,8,No,58.5,Noche,No
Tormenta,Medio,Bajo,44.28,59.0,156.0,97.0,Peligrosa,13294,4,3,No,44.8,Manana,Si
Lluvia,Alto,Alto,231.43,396.7,459.2,62.4,Fragil,8327,5,8,No,100.0,Manana,No
Lluvia,Alto,Alto,46.6,93.2,145.1,51.9,Peligrosa,11471,5,7,No,63.3,Manana,No
Bueno,Alto,Alto,188.65,283.0,340.9,57.9,Normal,8915,3,1,No,57.1,Manana,No
Lluvia,Alto,Medio,21.5,32.3,70.4,38.1,Normal,8979,7,4,No,53.1,Tarde,No
Bueno,Bajo,Bajo,111.83,103.2,115.9,12.6,Normal,9147,7,6,No,64.2,Tarde,Si
Bueno,Medio,Bajo,88.91,97.0,107.4,10.4,Normal,3219,7,8,No,59.6,Tarde,Si
Bueno,Medio,Alto,220.81,240.9,281.7,40.9,Normal,5212,7,8,No,91.6,Manana,No
Lluvia,Medio,Alto,277.51,302.7,332.7,30.0,Normal,8037,6,8,No,51.3,Noche,No
Bueno,Alto,Alto,19.53,30.0,81.3,51.3,Normal,6893,7,8,No,46.9,Tarde,No
Tormenta,Alto,Alto,299.31,598.6,717.6,119.0,Peligrosa,8622,10,9,No,78.3,Noche,No
Lluvia,Medio,Bajo,302.66,330.2,379.4,49.2,Normal,12510,1,5,No,68.4,Noche,No
Bueno,Medio,Medio,126.37,137.9,181.0,43.2,Normal,8814,5,3,No,66.7,Tarde,No
Bueno,Medio,Bajo,234.06,280.9,299.7,18.9,Fragil,7961,7,4,No,78.4,Manana,Si
Bueno,Medio,Bajo,146.89,160.2,170.8,10.6,Normal,7017,9,10,No,72.1,Noche,Si
Lluvia,Medio,Bajo,62.42,83.2,121.4,38.2,Peligrosa,13780,5,5,No,69.3,Manana,No
Lluvia,Medio,Bajo,189.75,227.7,256.4,28.7,Fragil,7405,6,4,No,48.9,Manana,Si
Bueno,Bajo,Bajo,39.36,36.3,36.3,0.0,Normal,10490,5,3,No,45.0,Manana,Si
Lluvia,Bajo,Alto,308.68,308.7,347.2,38.5,Fragil,5171,7,4,No,59.5,Manana,No
Bueno,Medio,Medio,324.26,389.1,430.2,41.1,Fragil,7865,3,5,No,53.7,Manana,No
Lluvia,Medio,Alto,289.35,347.2,415.1,67.9,Fragil,4811,4,9,No,74.0,Manana,No
Tormenta,Alto,Medio,197.42,338.4,404.1,65.7,Fragil,5385,6,3,No,43.0,Noche,No
Lluvia,Medio,Medio,199.58,239.5,291.6,52.1,Fragil,5641,5,3,No,63.3,Tarde,No
Lluvia,Bajo,Medio,344.77,318.2,345.5,27.3,Normal,8093,3,6,No,67.4,Noche,Si
Lluvia,Bajo,Bajo,94.29,87.0,126.3,39.3,Normal,7401,6,11,No,69.4,Noche,Si
Bueno,Bajo,Bajo,35.82,35.8,35.8,0.0,Fragil,4025,7,7,No,76.0,Manana,Si
Bueno,Alto,Bajo,202.41,404.8,460.0,55.2,Peligrosa,14814,8,6,No,65.1,Tarde,No
Bueno,Bajo,Medio,121.79,112.4,175.0,62.5,Normal,11206,2,10,Si,60.0,Tarde,No
Bueno,Medio,Medio,119.6,143.5,184.3,40.8,Fragil,9030,4,8,No,88.7,Manana,No
Lluvia,Alto,Medio,8.34,30.0,65.3,35.3,Normal,9880,7,5,No,65.2,Noche,No
Lluvia,Alto,Alto,208.76,357.9,423.8,65.9,Fragil,7901,7,6,No,91.3,Noche,Si
Lluvia,Bajo,Bajo,99.77,108.8,125.1,16.2,Peligrosa,10940,12,8,No,65.1,Manana,Si
Bueno,Bajo,Bajo,73.87,68.2,68.9,0.7,Normal,11181,9,9,No,69.8,Noche,Si
Lluvia,Bajo,Medio,23.75,30.0,35.0,5.0,Normal,11087,9,4,No,67.9,Manana,Si
Bueno,Bajo,Medio,133.88,123.6,123.6,0.0,Normal,9095,3,3,No,73.5,Noche,Si
Bueno,Bajo,Medio,308.85,285.1,307.0,21.9,Normal,7914,5,4,No,63.7,Tarde,Si
Lluvia,Medio,Bajo,124.47,135.8,165.5,29.7,Normal,12457,7,6,No,71.4,Manana,Si
Tormenta,Alto,Alto,238.51,357.8,420.8,63.0,Normal,10631,5,6,No,93.0,Noche,No
Lluvia,Medio,Bajo,267.23,291.5,316.4,24.9,Normal,6926,5,5,No,85.7,Tarde,Si
Bueno,Medio,Bajo,121.55,132.6,151.6,19.0,Normal,10135,8,1,No,85.8,Manana,Si
Lluvia,Bajo,Bajo,289.36,267.1,308.5,41.4,Normal,11093,7,6,No,49.9,Tarde,No
Bueno,Alto,Bajo,252.08,432.1,474.4,42.3,Fragil,6063,9,4,No,52.3,Tarde,Si
Lluvia,Medio,Medio,200.14,240.2,275.5,35.4,Fragil,2763,7,2,No,73.3,Manana,No
Lluvia,Alto,Medio,13.41,30.0,99.3,69.3,Fragil,5700,7,6,No,81.6,Tarde,No
Bueno,Alto,Medio,25.14,43.1,86.3,43.2,Fragil,7499,7,13,No,62.2,Manana,No
Bueno,Medio,Bajo,346.89,416.3,457.3,41.0,Fragil,4852,4,6,No,59.5,Manana,No
Bueno,Bajo,Bajo,275.98,254.7,265.6,10.8,Normal,8324,4,3,No,90.9,Tarde,Si
Tormenta,Bajo,Alto,328.77,328.8,389.8,61.0,Fragil,6275,8,7,No,80.3,Manana,No
Bueno,Medio,Medio,316.78,345.6,365.4,19.9,Normal,10344,6,6,No,85.9,Manana,Si
Lluvia,Alto,Medio,7.85,30.0,50.2,20.2,Normal,12956,7,6,No,63.4,Noche,Si
Lluvia,Medio,Medio,279.23,304.6,329.4,24.8,Normal,9206,5,4,No,62.2,Noche,Si
Bueno,Medio,Bajo,163.39,196.1,235.7,39.6,Fragil,6631,5,9,No,84.2,Tarde,No
Bueno,Medio,Alto,278.45,334.1,394.8,60.6,Fragil,7524,6,4,No,66.1,Tarde,No
Tormenta,Bajo,Medio,12.28,30.0,46.9,16.9,Normal,8038,6,2,No,60.8,Noche,Si
Bueno,Medio,Bajo,107.99,117.8,122.8,5.0,Normal,10769,9,2,No,56.3,Noche,Si
Bueno,Medio,Medio,265.45,289.6,300.9,11.3,Normal,10882,7,6,No,62.3,Manana,Si
Lluvia,Medio,Medio,279.63,335.6,388.1,52.6,Fragil,3293,6,2,No,83.1,Manana,No
Lluvia,Medio,Bajo,220.7,264.8,305.9,41.1,Fragil,6986,1,3,No,47.4,Manana,No
Tormenta,Bajo,Medio,112.43,103.8,148.7,44.9,Normal,12191,6,5,No,79.4,Manana,No
Bueno,Medio,Bajo,115.52,126.0,140.5,14.4,Normal,9188,4,4,No,59.4,Manana,Si
Bueno,Bajo,Bajo,338.7,312.6,338.4,25.8,Normal,12418,6,11,No,66.8,Tarde,Si
Bueno,Alto,Bajo,167.44,251.2,299.9,48.7,Normal,7183,10,5,No,67.8,Tarde,No
Bueno,Bajo,Medio,162.02,162.0,183.9,21.9,Fragil,3635,7,4,No,66.7,Noche,No
Bueno,Bajo,Medio,197.79,197.8,223.6,25.8,Fragil,5839,6,4,No,65.7,Manana,Si
Bueno,Medio,Medio,149.23,162.8,186.0,23.2,Normal,10982,6,7,No,63.3,Manana,Si
Bueno,Medio,Medio,197.91,215.9,232.5,16.6,Normal,6464,6,3,No,61.4,Manana,Si
Bueno,Medio,Bajo,156.99,171.3,180.1,8.9,Normal,8196,8,9,No,89.8,Manana,Si
Bueno,Medio,Bajo,291.08,317.5,338.0,20.5,Normal,4351,5,2,No,70.4,Manana,Si
Lluvia,Alto,Alto,313.83,470.8,533.2,62.4,Normal,10486,6,8,No,68.1,Noche,No
Lluvia,Medio,Bajo,326.92,356.6,393.5,36.9,Normal,12117,7,3,No,60.3,Manana,No
Bueno,Medio,Bajo,201.86,269.1,295.5,26.4,Peligrosa,15455,4,6,No,63.9,Tarde,Si
Bueno,Medio,Bajo,160.33,174.9,196.8,21.9,Normal,11032,7,5,No,60.4,Manana,Si
Bueno,Bajo,Bajo,249.78,230.6,238.1,7.5,Normal,11099,6,4,No,81.5,Tarde,Si
Bueno,Medio,Medio,295.03,321.9,448.5,126.6,Normal,10749,6,8,Si,58.7,Noche,No
Bueno,Bajo,Bajo,201.41,185.9,192.2,6.3,Normal,10536,4,4,No,36.3,Noche,Si
Bueno,Medio,Bajo,247.99,297.6,317.4,19.8,Fragil,6157,3,6,No,70.9,Manana,Si
Bueno,Bajo,Medio,264.91,244.5,244.5,0.0,Normal,7361,9,4,No,65.8,Noche,Si
Bueno,Alto,Bajo,245.49,420.8,472.6,51.7,Fragil,7206,3,1,No,61.2,Manana,No
Bueno,Medio,Bajo,263.69,316.4,339.8,23.4,Fragil,4960,6,4,No,83.7,Noche,Si
Bueno,Alto,Medio,76.71,115.1,168.5,53.5,Normal,8161,5,7,No,29.0,Manana,No
Bueno,Medio,Medio,179.45,215.3,250.0,34.7,Fragil,7227,8,7,No,93.6,Tarde,No
Lluvia,Bajo,Medio,210.01,229.1,276.7,47.6,Peligrosa,13335,8,6,No,85.8,Tarde,No
Lluvia,Alto,Medio,17.85,30.0,86.0,56.0,Normal,9575,5,6,No,60.6,Noche,No
Lluvia,Medio,Alto,301.03,328.4,361.8,33.4,Normal,11264,7,8,No,63.2,Noche,No
Bueno,Medio,Bajo,217.41,289.9,324.4,34.5,Peligrosa,7739,0,3,No,77.6,Manana,No
Lluvia,Medio,Alto,53.91,64.7,115.5,50.8,Fragil,5033,4,7,No,78.0,Noche,No
Bueno,Medio,Medio,287.56,313.7,345.2,31.5,Normal,6701,6,3,No,60.5,Manana,No
Bueno,Alto,Alto,253.38,380.1,425.7,45.7,Normal,10112,6,10,No,45.7,Manana,No
Lluvia,Medio,Bajo,267.82,292.2,325.3,33.1,Normal,12228,7,3,No,100.0,Manana,No
Bueno,Medio,Bajo,143.29,172.0,180.6,8.6,Fragil,6421,5,1,No,84.3,Manana,Si
Bueno,Medio,Bajo,300.43,327.7,350.5,22.8,Normal,10638,5,5,No,72.4,Manana,Si
Lluvia,Medio,Medio,150.77,164.5,218.3,53.9,Normal,11676,6,8,No,72.6,Tarde,No
Lluvia,Alto,Medio,203.07,348.1,416.7,68.6,Fragil,6092,4,6,No,79.3,Manana,Si
Tormenta,Medio,Medio,10.22,30.0,111.7,81.7,Peligrosa,10043,16,4,No,81.1,Tarde,No
Bueno,Medio,Bajo,229.26,275.1,302.0,26.9,Fragil,4464,5,4,No,38.7,Manana,Si
Bueno,Alto,Medio,246.79,370.2,415.1,44.9,Normal,6869,4,10,No,64.7,Tarde,Si
Lluvia,Medio,Medio,202.82,221.3,249.1,27.8,Normal,9804,4,3,No,63.2,Manana,Si
Bueno,Medio,Bajo,178.83,238.4,265.4,26.9,Peligrosa,6406,10,12,No,67.6,Manana,Si
Lluvia,Medio,Medio,285.38,380.5,464.9,84.4,Peligrosa,17238,6,4,Si,81.6,Tarde,No
Bueno,Bajo,Bajo,241.67,223.1,228.5,5.4,Normal,9561,7,5,No,43.1,Noche,Si
Bueno,Medio,Bajo,104.55,125.5,145.8,20.3,Fragil,5298,7,8,No,49.8,Noche,No
Bueno,Bajo,Bajo,336.08,310.2,313.5,3.2,Normal,8727,7,3,No,59.8,Manana,No
Lluvia,Bajo,Bajo,250.47,231.2,246.9,15.7,Normal,4359,9,9,No,72.3,Noche,Si
Bueno,Medio,Medio,345.9,377.3,398.5,21.1,Normal,15593,10,7,No,82.5,Tarde,Si
Bueno,Medio,Medio,340.23,371.2,383.7,12.6,Normal,9328,6,2,No,94.5,Noche,Si
Bueno,Alto,Medio,314.71,472.1,510.5,38.5,Normal,6499,5,7,No,65.7,Manana,No
Bueno,Bajo,Bajo,266.83,266.8,295.2,28.4,Fragil,7444,4,2,No,82.5,Manana,Si
Bueno,Bajo,Medio,217.21,200.5,218.8,18.3,Normal,14090,7,4,No,80.7,Manana,Si
Lluvia,Alto,Bajo,64.51,96.8,147.1,50.4,Normal,8494,5,6,No,78.1,Noche,Si
Bueno,Bajo,Bajo,194.74,179.8,197.7,17.9,Normal,8752,4,12,No,69.6,Manana,Si
Lluvia,Bajo,Alto,270.23,249.4,398.0,148.5,Normal,9595,6,6,Si,64.0,Manana,No
Lluvia,Bajo,Medio,187.09,172.7,201.4,28.7,Normal,6223,7,4,No,54.0,Tarde,Si
Bueno,Medio,Medio,305.2,332.9,426.8,93.9,Normal,7273,3,1,Si,53.0,Noche,No
Bueno,Alto,Bajo,52.75,79.1,116.2,37.1,Normal,13455,8,5,No,75.2,Tarde,No
Lluvia,Medio,Medio,139.52,167.4,211.5,44.1,Fragil,6971,10,3,No,69.2,Tarde,No
Bueno,Medio,Medio,182.03,242.7,279.5,36.8,Peligrosa,11452,12,3,No,63.8,Manana,No
Bueno,Bajo,Bajo,156.99,144.9,155.1,10.1,Normal,7870,6,6,No,80.0,Noche,Si
Tormenta,Medio,Medio,46.92,62.6,95.1,32.5,Peligrosa,12772,6,5,No,67.0,Manana,No
Tormenta,Medio,Medio,62.2,82.9,192.2,109.2,Peligrosa,9365,5,8,Si,56.3,Manana,No
Lluvia,Bajo,Medio,294.79,294.8,320.2,25.5,Fragil,6113,8,9,No,66.0,Manana,No
Bueno,Bajo,Bajo,174.69,174.7,189.9,15.2,Fragil,8771,4,6,No,82.3,Manana,Si
Lluvia,Medio,Alto,26.57,31.9,76.7,44.8,Fragil,3919,8,5,No,54.6,Tarde,No
Lluvia,Bajo,Medio,15.61,30.0,65.9,35.9,Fragil,4846,8,3,No,73.1,Tarde,No
Bueno,Medio,Bajo,170.98,205.2,231.3,26.2,Fragil,3284,3,6,No,69.2,Manana,Si
Lluvia,Medio,Medio,65.89,71.9,100.8,29.0,Normal,12267,9,3,No,58.6,Manana,Si
Bueno,Bajo,Bajo,249.74,272.4,285.3,12.8,Peligrosa,12568,8,6,No,65.6,Manana,Si
Bueno,Medio,Bajo,280.41,305.9,351.7,45.8,Normal,11312,2,10,No,46.4,Manana,No
Bueno,Medio,Bajo,87.62,105.1,116.0,10.8,Fragil,6152,6,4,No,71.6,Noche,Si
Bueno,Medio,Bajo,211.34,230.6,248.3,17.7,Normal,5841,7,4,No,49.5,Tarde,No
Bueno,Alto,Bajo,55.34,83.0,98.6,15.6,Normal,10442,10,1,No,86.1,Manana,Si
Lluvia,Medio,Alto,113.22,123.5,175.0,51.5,Normal,9904,6,3,No,68.6,Manana,No
Tormenta,Alto,Medio,303.16,454.7,534.2,79.4,Normal,9258,7,5,No,61.4,Noche,Si
Bueno,Bajo,Bajo,194.99,180.0,180.0,0.0,Normal,9037,7,4,No,87.4,Noche,Si
Lluvia,Medio,Medio,311.2,339.5,401.0,61.5,Normal,9579,5,6,No,54.5,Noche,No
Tormenta,Bajo,Bajo,86.58,79.9,123.7,43.8,Normal,9789,5,7,No,58.8,Manana,No
Bueno,Medio,Bajo,122.21,133.3,145.6,12.2,Normal,11797,10,3,No,42.6,Tarde,Si
Bueno,Medio,Medio,170.12,185.6,203.5,17.9,Normal,10191,9,1,No,89.6,Manana,Si
Bueno,Bajo,Bajo,173.23,189.0,208.0,19.0,Peligrosa,14994,7,3,No,98.1,Tarde,Si
Bueno,Medio,Bajo,349.2,380.9,400.7,19.7,Normal,6900,9,7,No,44.9,Manana,Si
Lluvia,Medio,Alto,48.91,53.4,93.2,39.8,Normal,7819,3,4,No,57.8,Tarde,No
Bueno,Bajo,Medio,299.67,276.6,293.1,16.5,Normal,9653,7,2,No,71.0,Manana,Si
Bueno,Bajo,Medio,303.65,280.3,291.9,11.6,Normal,7235,4,1,No,62.3,Tarde,Si
Bueno,Medio,Bajo,198.09,216.1,225.4,9.3,Normal,11365,7,9,No,69.5,Manana,Si
Bueno,Medio,Medio,126.97,152.4,164.7,12.3,Fragil,4087,7,2,No,68.2,Noche,Si
Tormenta,Medio,Alto,186.54,248.7,319.4,70.6,Peligrosa,11047,8,3,No,76.1,Manana,No
Bueno,Bajo,Bajo,109.44,101.0,115.0,14.0,Normal,7403,3,8,No,55.6,Tarde,Si
Bueno,Medio,Bajo,281.7,338.0,363.0,25.0,Fragil,4935,9,3,No,72.9,Manana,Si
Bueno,Alto,Alto,184.81,277.2,332.1,54.9,Normal,11840,5,4,No,53.3,Tarde,Si
Bueno,Medio,Bajo,324.79,354.3,384.8,30.5,Normal,9325,7,4,No,63.8,Tarde,Si
Bueno,Medio,Medio,221.72,241.9,274.3,32.5,Normal,8494,6,6,No,43.9,Manana,No
Bueno,Alto,Alto,188.94,283.4,345.2,61.8,Normal,10747,3,6,No,63.9,Manana,No
Bueno,Alto,Medio,261.57,448.4,490.7,42.3,Fragil,4497,7,3,No,61.4,Manana,No
Bueno,Medio,Bajo,181.34,217.6,255.8,38.2,Fragil,4081,6,5,No,84.2,Manana,No
Lluvia,Alto,Alto,313.02,536.6,585.4,48.8,Fragil,6322,6,3,No,69.1,Tarde,No
Lluvia,Alto,Medio,78.98,118.5,159.0,40.5,Normal,7974,6,3,No,71.8,Manana,No
Lluvia,Medio,Alto,340.94,409.1,461.6,52.5,Fragil,7001,7,6,No,69.7,Manana,No
Lluvia,Medio,Bajo,286.14,312.2,345.5,33.3,Normal,5666,7,8,No,38.1,Manana,No
Lluvia,Bajo,Bajo,302.65,279.4,293.7,14.3,Normal,9793,6,4,No,40.0,Manana,Si
Bueno,Bajo,Bajo,174.19,160.8,172.6,11.8,Normal,8536,10,3,No,65.2,Manana,Si
Bueno,Medio,Bajo,294.65,353.6,368.9,15.3,Fragil,8413,7,9,No,74.2,Tarde,Si
Bueno,Medio,Alto,114.3,152.4,210.4,58.0,Peligrosa,15534,5,5,No,66.5,Manana,No
Bueno,Medio,Bajo,269.06,293.5,297.0,3.5,Normal,4190,9,10,No,57.0,Noche,Si
Lluvia,Medio,Bajo,57.75,63.0,76.5,13.5,Normal,8271,3,5,No,66.4,Tarde,Si
Bueno,Medio,Medio,114.4,137.3,161.2,23.9,Fragil,7689,5,4,No,65.1,Manana,Si
Lluvia,Alto,Alto,158.83,272.3,355.0,82.7,Fragil,7205,7,6,No,81.7,Noche,No
Lluvia,Bajo,Bajo,119.59,110.4,131.7,21.3,Normal,6741,5,6,No,80.8,Tarde,Si
Bueno,Bajo,Medio,141.59,141.6,171.5,29.9,Fragil,5123,5,5,No,61.7,Tarde,Si
Tormenta,Medio,Bajo,288.84,346.6,429.9,83.3,Fragil,6160,7,9,No,69.3,Manana,No
Bueno,Alto,Alto,88.85,152.3,203.7,51.4,Fragil,8473,9,2,No,74.1,Tarde,No
Lluvia,Alto,Alto,263.18,394.8,471.0,76.3,Normal,12187,5,4,No,76.4,Manana,No
Bueno,Alto,Alto,26.57,53.1,103.5,50.4,Peligrosa,11682,4,5,No,94.8,Tarde,No
Bueno,Alto,Medio,273.91,410.9,456.4,45.5,Normal,7851,4,12,No,69.6,Manana,No
Bueno,Medio,Alto,279.29,335.1,380.4,45.2,Fragil,5384,8,7,No,87.5,Manana,No
Bueno,Medio,Bajo,146.58,159.9,166.7,6.8,Normal,5920,8,2,No,52.6,Tarde,Si
Bueno,Bajo,Bajo,255.64,236.0,253.6,17.7,Normal,13438,3,8,No,60.4,Manana,Si
Tormenta,Medio,Alto,321.15,350.3,407.8,57.4,Normal,8458,7,6,No,38.0,Manana,No
Lluvia,Alto,Medio,287.62,431.4,455.1,23.7,Normal,11186,7,5,No,72.3,Noche,Si
Bueno,Medio,Alto,142.75,155.7,185.4,29.7,Normal,11181,5,9,No,79.7,Manana,Si
Bueno,Medio,Medio,174.63,190.5,211.8,21.3,Normal,8619,8,3,No,31.7,Manana,Si
Bueno,Bajo,Medio,274.98,253.8,278.8,25.0,Normal,7802,6,6,No,72.8,Manana,No
Bueno,Bajo,Bajo,109.48,101.1,101.1,0.0,Normal,8893,3,2,No,79.1,Noche,Si
Tormenta,Bajo,Alto,283.32,283.3,376.0,92.6,Fragil,4760,2,5,No,78.2,Tarde,No
Bueno,Bajo,Bajo,121.54,121.5,140.0,18.5,Fragil,5335,12,5,No,52.1,Tarde,Si
Bueno,Alto,Alto,288.63,494.8,562.3,67.5,Fragil,6511,6,5,No,81.6,Noche,No
Bueno,Medio,Bajo,39.51,43.1,57.3,14.2,Normal,12711,7,3,No,70.1,Tarde,Si
Bueno,Alto,Medio,19.32,30.0,46.1,16.1,Normal,7163,10,4,No,78.9,Noche,Si
Bueno,Medio,Bajo,349.21,465.6,501.8,36.2,Peligrosa,13142,5,6,No,68.1,Tarde,No
Lluvia,Bajo,Medio,305.62,282.1,318.1,36.0,Normal,8494,2,7,No,75.7,Noche,No
Lluvia,Bajo,Bajo,310.17,286.3,300.8,14.5,Normal,8605,7,2,No,86.6,Tarde,Si
Tormenta,Alto,Alto,330.06,660.1,714.9,54.7,Peligrosa,11476,5,4,No,66.9,Manana,No
Lluvia,Bajo,Alto,159.03,173.5,218.4,44.9,Peligrosa,10473,6,5,No,74.3,Manana,No
Bueno,Alto,Medio,109.99,165.0,204.6,39.6,Normal,8108,6,4,No,88.7,Manana,No
Lluvia,Bajo,Medio,54.21,54.2,92.8,38.6,Fragil,4942,5,8,No,68.0,Tarde,No
Tormenta,Medio,Alto,180.41,196.8,243.1,46.3,Normal,7741,4,3,No,53.1,Noche,No
Lluvia,Alto,Medio,87.85,150.6,196.3,45.7,Fragil,4369,8,6,No,80.1,Tarde,No
Tormenta,Bajo,Medio,328.09,302.8,340.3,37.4,Normal,7751,7,3,No,91.5,Tarde,No
Lluvia,Bajo,Bajo,11.36,30.0,133.7,103.7,Normal,13158,4,9,Si,89.3,Tarde,No
Lluvia,Alto,Bajo,65.83,112.9,156.3,43.4,Fragil,5513,3,6,No,80.7,Noche,No
Bueno,Bajo,Bajo,93.8,86.6,88.0,1.4,Normal,8137,5,6,No,34.8,Tarde,Si
Lluvia,Medio,Medio,77.65,93.2,116.9,23.7,Fragil,4842,7,6,No,60.5,Manana,Si
Bueno,Medio,Bajo,86.76,94.7,126.1,31.4,Normal,5032,7,5,No,61.2,Manana,No
Bueno,Bajo,Alto,233.06,233.1,262.3,29.3,Fragil,4193,9,8,No,70.7,Manana,Si
Lluvia,Medio,Bajo,121.35,145.6,262.3,116.7,Fragil,7475,7,5,Si,95.3,Manana,No
Tormenta,Medio,Alto,219.11,239.0,289.7,50.7,Normal,14591,9,3,No,53.8,Manana,No
Tormenta,Medio,Alto,312.69,375.2,447.5,72.3,Fragil,5429,7,4,No,100.0,Manana,No
Bueno,Alto,Medio,211.33,317.0,365.2,48.2,Normal,10093,3,2,No,64.3,Manana,No
Lluvia,Bajo,Medio,246.14,227.2,250.5,23.3,Normal,12228,4,2,No,58.5,Manana,Si
Lluvia,Bajo,Bajo,134.27,123.9,147.2,23.3,Normal,7435,5,3,No,82.7,Noche,Si
Bueno,Medio,Medio,64.31,77.2,181.5,104.3,Fragil,4364,3,8,Si,83.9,Manana,No
Bueno,Alto,Medio,117.93,202.2,257.1,55.0,Fragil,6983,4,5,No,79.7,Noche,No
Bueno,Bajo,Medio,337.86,368.6,491.1,122.5,Peligrosa,10352,2,7,Si,58.5,Manana,No
Lluvia,Bajo,Bajo,221.42,221.4,238.6,17.2,Fragil,6363,4,2,No,77.5,Noche,Si
Bueno,Medio,Medio,104.35,139.1,188.1,48.9,Peligrosa,9322,2,4,No,54.5,Tarde,No
Tormenta,Alto,Alto,166.08,249.1,319.5,70.4,Normal,9591,1,6,No,58.0,Noche,No
Bueno,Bajo,Bajo,294.07,320.8,354.6,33.8,Peligrosa,15854,2,6,No,68.6,Tarde,No
Tormenta,Medio,Alto,237.27,258.8,326.8,68.0,Normal,7242,9,4,No,57.7,Tarde,Si
Bueno,Medio,Bajo,200.62,218.9,234.3,15.4,Normal,10676,6,3,No,85.8,Manana,Si
Lluvia,Medio,Bajo,310.96,339.2,358.1,18.9,Normal,12421,6,5,No,61.3,Manana,Si
Bueno,Bajo,Bajo,238.63,220.3,229.2,8.9,Normal,12001,9,2,No,66.7,Tarde,Si
Bueno,Bajo,Bajo,228.53,210.9,225.5,14.5,Normal,9883,7,7,No,56.8,Manana,Si
Lluvia,Medio,Bajo,74.52,81.3,120.6,39.3,Normal,8774,3,6,No,85.6,Manana,No
Tormenta,Medio,Bajo,46.17,50.4,106.2,55.8,Normal,13339,5,5,No,60.0,Noche,No
Lluvia,Alto,Medio,337.09,505.6,561.1,55.5,Normal,9039,6,10,No,87.1,Manana,No
Bueno,Medio,Medio,213.61,256.3,286.4,30.0,Fragil,6366,8,3,No,86.0,Tarde,No
Bueno,Medio,Medio,151.33,181.6,216.8,35.2,Fragil,3148,5,5,No,63.3,Manana,No
Bueno,Alto,Medio,213.24,319.9,359.3,39.4,Normal,11088,10,6,No,70.4,Manana,No
Bueno,Medio,Bajo,31.02,33.8,33.8,0.0,Normal,6507,3,4,No,62.9,Manana,Si
Lluvia,Medio,Alto,289.52,315.8,344.5,28.7,Normal,5902,3,7,No,78.2,Manana,Si
Lluvia,Alto,Medio,87.45,131.2,196.2,65.1,Normal,8256,6,4,No,67.1,Noche,Si
Lluvia,Bajo,Bajo,283.55,283.5,297.6,14.1,Fragil,4787,11,5,No,63.7,Noche,Si
Lluvia,Medio,Medio,191.69,209.1,252.6,43.5,Normal,10112,8,6,No,70.7,Manana,No
Lluvia,Medio,Alto,104.03,124.8,178.0,53.1,Fragil,3993,6,3,No,46.3,Manana,No
Lluvia,Bajo,Bajo,20.27,30.0,38.0,8.0,Fragil,6624,6,3,No,68.9,Noche,Si
Bueno,Medio,Alto,287.38,313.5,326.8,13.3,Normal,8181,8,4,No,79.7,Manana,No
Bueno,Bajo,Bajo,70.0,70.0,88.3,18.3,Fragil,6398,5,8,No,72.1,Manana,Si
Lluvia,Bajo,Bajo,27.61,30.0,58.4,28.4,Normal,11951,5,8,No,84.3,Manana,Si
Lluvia,Medio,Bajo,267.0,320.4,357.9,37.5,Fragil,6428,4,6,No,64.3,Tarde,No
Bueno,Bajo,Medio,129.01,129.0,155.0,26.0,Fragil,5708,5,6,No,63.1,Manana,Si
Bueno,Medio,Bajo,142.37,170.8,196.3,25.4,Fragil,4348,4,4,No,53.2,Manana,Si
Lluvia,Alto,Alto,90.2,154.6,224.8,70.2,Fragil,6530,7,2,No,63.9,Noche,No
Bueno,Alto,Alto,301.39,516.7,553.9,37.2,Fragil,7320,4,5,No,99.5,Noche,No
Bueno,Bajo,Bajo,111.09,121.2,150.3,29.1,Peligrosa,11541,3,4,No,74.1,Tarde,Si
Lluvia,Bajo,Bajo,81.47,75.2,86.2,11.0,Normal,6737,5,3,No,61.2,Tarde,Si
Lluvia,Bajo,Medio,115.14,115.1,227.7,112.6,Fragil,2982,4,3,Si,54.9,Noche,No
Bueno,Bajo,Bajo,79.07,79.1,92.2,13.1,Fragil,5001,7,5,No,46.0,Tarde,Si
Lluvia,Alto,Alto,116.34,174.5,235.3,60.8,Normal,7207,8,5,No,57.5,Tarde,No
Bueno,Medio,Medio,38.2,50.9,81.7,30.8,Peligrosa,12839,6,8,No,81.4,Manana,No
Lluvia,Bajo,Medio,63.9,59.0,73.5,14.5,Normal,7793,2,4,No,63.6,Manana,Si
Bueno,Alto,Medio,143.95,215.9,242.5,26.6,Normal,6763,7,4,No,55.6,Noche,Si
Bueno,Medio,Medio,309.02,337.1,376.9,39.8,Normal,10466,5,4,No,57.3,Tarde,No
Bueno,Bajo,Bajo,29.48,30.0,52.1,22.1,Normal,9502,4,8,No,79.7,Manana,Si
Bueno,Bajo,Bajo,82.31,82.3,106.3,24.0,Fragil,7225,4,4,No,68.8,Tarde,Si
Lluvia,Medio,Medio,318.84,347.8,374.8,27.0,Normal,13717,5,7,No,60.6,Noche,Si
Bueno,Medio,Bajo,312.6,341.0,366.0,25.0,Normal,10693,8,9,No,65.4,Manana,Si
Bueno,Bajo,Bajo,241.01,222.5,249.7,27.2,Normal,10124,2,4,No,100.0,Tarde,Si
Bueno,Alto,Medio,93.35,140.0,167.0,27.0,Normal,10851,7,8,No,88.3,Manana,Si
Lluvia,Alto,Medio,150.91,258.7,302.4,43.7,Fragil,2923,9,7,No,92.0,Tarde,No
Lluvia,Alto,Medio,88.03,150.9,185.0,34.1,Fragil,5182,2,3,No,43.7,Noche,No
Tormenta,Bajo,Alto,53.72,49.6,104.5,54.9,Normal,8927,11,4,No,67.7,Noche,No
Bueno,Bajo,Bajo,139.2,128.5,134.4,5.9,Normal,6446,6,4,No,60.3,Noche,Si
Bueno,Alto,Bajo,201.25,301.9,335.6,33.7,Normal,11097,9,3,No,78.2,Tarde,No
Bueno,Medio,Medio,132.38,158.9,185.9,27.1,Fragil,6197,3,3,No,85.9,Manana,Si
Bueno,Medio,Bajo,217.68,237.5,253.8,16.3,Normal,12624,5,3,No,74.9,Tarde,Si
Tormenta,Medio,Alto,110.73,120.8,163.7,42.9,Normal,11288,12,4,No,56.9,Manana,No
Lluvia,Bajo,Medio,127.59,117.8,152.4,34.7,Normal,7435,8,4,No,60.1,Tarde,No
Bueno,Medio,Bajo,278.83,304.2,321.8,17.6,Normal,12117,6,5,No,79.3,Tarde,Si
Bueno,Alto,Bajo,301.47,452.2,489.1,36.9,Normal,2598,6,4,No,80.8,Tarde,No
Tormenta,Medio,Medio,119.49,130.4,186.9,56.5,Normal,13826,2,7,No,72.1,Manana,No
Bueno,Medio,Medio,204.32,245.2,264.9,19.7,Fragil,6828,3,7,No,71.9,Manana,Si
Bueno,Alto,Bajo,96.13,164.8,168.5,3.7,Fragil,5342,7,2,No,70.8,Manana,Si
Bueno,Medio,Medio,28.13,30.7,47.1,16.4,Normal,10069,9,5,No,74.0,Manana,Si
Bueno,Medio,Medio,260.87,313.0,335.6,22.5,Fragil,4702,8,4,No,80.7,Manana,Si
Bueno,Alto,Medio,59.07,101.3,169.3,68.1,Fragil,6482,7,9,No,79.5,Manana,No
Bueno,Medio,Bajo,154.74,168.8,179.4,10.6,Normal,3636,4,6,No,70.4,Noche,No
Bueno,Bajo,Bajo,175.6,162.1,177.0,15.0,Normal,8182,3,5,No,69.3,Manana,Si
Lluvia,Bajo,Medio,72.72,67.1,193.6,126.5,Normal,8452,1,4,Si,68.7,Noche,No
Bueno,Bajo,Bajo,42.15,42.1,45.0,2.9,Fragil,5539,8,5,No,58.3,Manana,Si
Bueno,Medio,Medio,128.32,140.0,150.5,10.5,Normal,9113,5,3,No,58.1,Noche,Si
Tormenta,Medio,Medio,333.78,400.5,489.0,88.5,Fragil,7478,9,5,No,78.2,Tarde,No
Lluvia,Medio,Alto,219.15,239.1,277.1,38.1,Normal,10623,8,6,No,59.3,Noche,No
Bueno,Medio,Bajo,139.68,152.4,155.1,2.7,Normal,8385,11,3,No,82.2,Noche,Si
Bueno,Medio,Bajo,23.23,31.0,47.9,16.9,Peligrosa,11334,5,6,No,69.2,Tarde,Si
Lluvia,Alto,Alto,208.98,313.5,364.5,51.0,Normal,8360,3,4,No,82.3,Manana,No
Bueno,Bajo,Bajo,41.37,41.4,67.7,26.3,Fragil,6055,7,9,No,79.6,Tarde,Si
Bueno,Medio,Bajo,194.46,259.3,283.4,24.2,Peligrosa,8716,5,6,No,82.6,Manana,Si
Tormenta,Medio,Bajo,265.66,318.8,384.9,66.1,Fragil,8404,5,5,No,62.9,Noche,No
Bueno,Medio,Medio,154.02,168.0,304.6,136.6,Normal,8488,7,5,Si,76.1,Noche,No
Lluvia,Bajo,Bajo,111.8,111.8,132.4,20.6,Fragil,4258,6,6,No,81.1,Manana,Si
Bueno,Medio,Medio,26.11,30.0,152.1,122.1,Normal,10505,5,6,Si,46.7,Tarde,No
Lluvia,Alto,Alto,18.92,30.0,99.1,69.1,Normal,8267,5,1,No,95.5,Manana,No
Bueno,Medio,Bajo,156.21,187.5,216.3,28.9,Fragil,2119,6,4,No,100.0,Tarde,Si
Bueno,Alto,Medio,319.89,548.4,587.8,39.4,Fragil,3397,9,4,No,84.2,Tarde,No
Bueno,Alto,Bajo,91.87,137.8,154.5,16.7,Normal,10049,6,3,No,82.1,Tarde,Si
Bueno,Medio,Alto,205.18,223.8,245.8,22.0,Normal,11109,3,4,No,78.8,Noche,Si
Lluvia,Medio,Alto,242.66,291.2,356.0,64.8,Fragil,8832,7,8,No,65.1,Manana,No
Bueno,Medio,Alto,30.68,36.8,92.9,56.1,Fragil,5378,7,3,No,68.3,Tarde,No
Bueno,Alto,Medio,57.99,87.0,147.5,60.5,Normal,10334,1,8,No,84.5,Tarde,No
Lluvia,Bajo,Medio,122.63,122.6,138.7,16.1,Fragil,4745,9,3,No,55.4,Manana,Si
Lluvia,Medio,Alto,237.83,259.5,304.6,45.2,Normal,12479,8,5,No,54.1,Manana,No
Bueno,Alto,Medio,152.62,228.9,270.3,41.3,Normal,9072,5,3,No,64.0,Manana,No
Bueno,Bajo,Medio,259.63,259.6,337.9,78.3,Fragil,7884,3,7,Si,79.8,Tarde,No
Tormenta,Medio,Bajo,304.98,406.6,453.3,46.6,Peligrosa,10583,5,4,No,57.0,Noche,No
Lluvia,Medio,Bajo,267.85,292.2,342.3,50.1,Normal,7508,7,8,No,66.6,Manana,No
Lluvia,Alto,Alto,349.6,524.4,602.7,78.3,Normal,7387,7,6,No,68.4,Manana,No
Tormenta,Alto,Alto,274.51,411.8,490.7,78.9,Normal,8755,7,6,No,54.8,Manana,No
Lluvia,Medio,Medio,299.74,359.7,399.0,39.4,Fragil,5399,7,7,No,33.4,Manana,No
Bueno,Medio,Bajo,293.0,319.6,329.9,10.3,Normal,8427,8,4,No,54.6,Manana,Si
Bueno,Medio,Bajo,258.29,281.8,320.3,38.6,Normal,13849,5,9,No,73.9,Tarde,No
Bueno,Medio,Medio,282.61,376.8,421.5,44.7,Peligrosa,15202,5,6,No,77.3,Manana,No
Lluvia,Medio,Medio,327.79,357.6,382.8,25.2,Normal,9770,3,5,No,77.4,Noche,Si
Tormenta,Alto,Alto,164.54,246.8,325.2,78.4,Normal,12879,5,4,No,79.1,Manana,No
Bueno,Bajo,Bajo,227.02,209.6,216.6,7.0,Normal,6938,9,6,No,60.6,Tarde,Si
Bueno,Bajo,Bajo,185.08,185.1,190.8,5.7,Fragil,8790,6,6,No,57.4,Manana,Si
Bueno,Medio,Medio,299.35,326.6,374.6,48.1,Normal,7849,5,4,No,75.6,Manana,No
Tormenta,Medio,Medio,156.66,170.9,232.5,61.6,Normal,14010,2,2,No,66.8,Manana,No
Bueno,Medio,Bajo,288.71,315.0,328.8,13.9,Normal,13999,5,7,No,83.6,Tarde,Si
Bueno,Bajo,Medio,281.78,281.8,281.8,0.0,Fragil,6779,9,3,No,75.7,Noche,Si
Bueno,Medio,Bajo,337.04,404.4,433.4,28.9,Fragil,4490,2,2,No,89.3,Manana,Si
Bueno,Alto,Medio,89.82,134.7,167.3,32.6,Normal,8290,7,6,No,63.0,Tarde,No
Bueno,Bajo,Bajo,251.27,231.9,246.5,14.6,Normal,7580,10,3,No,86.0,Tarde,Si
Bueno,Medio,Bajo,267.35,320.8,356.4,35.6,Fragil,6135,6,4,No,100.0,Manana,No
Bueno,Alto,Alto,324.66,487.0,520.7,33.7,Normal,6480,10,6,No,70.8,Noche,No
Bueno,Bajo,Bajo,318.35,293.9,320.7,26.8,Normal,10255,5,7,No,77.5,Manana,Si
Bueno,Medio,Bajo,205.0,223.6,230.9,7.2,Normal,6648,9,3,No,56.0,Noche,Si
Bueno,Bajo,Medio,206.91,191.0,214.6,23.6,Normal,9443,11,7,No,83.4,Tarde,Si
Bueno,Alto,Bajo,75.07,112.6,202.9,90.3,Normal,12338,8,3,Si,86.9,Manana,No
Lluvia,Medio,Medio,341.49,372.5,417.8,45.3,Normal,9966,9,2,No,62.6,Tarde,No
Bueno,Alto,Medio,100.34,150.5,168.0,17.5,Normal,8101,7,4,No,78.8,Manana,Si
Bueno,Bajo,Bajo,256.41,236.7,260.1,23.4,Normal,10354,6,6,No,74.2,Tarde,Si
Bueno,Medio,Medio,280.57,336.7,342.7,6.0,Fragil,8241,9,5,No,75.9,Noche,Si
Bueno,Medio,Bajo,160.01,174.6,195.4,20.8,Normal,6903,9,6,No,82.2,Tarde,Si
Bueno,Bajo,Bajo,81.81,75.5,91.7,16.2,Normal,7924,6,5,No,77.8,Manana,Si
Bueno,Bajo,Bajo,74.25,74.2,142.7,68.4,Fragil,8318,8,15,Si,67.9,Manana,No
Lluvia,Bajo,Alto,301.21,278.0,299.9,21.9,Normal,10014,6,4,No,82.5,Tarde,Si
Bueno,Alto,Bajo,179.38,307.5,329.5,22.0,Fragil,5919,6,4,No,86.7,Tarde,Si
Bueno,Medio,Alto,40.65,44.3,82.5,38.2,Normal,8932,4,8,No,61.7,Tarde,No
Bueno,Medio,Bajo,253.79,304.5,331.0,26.5,Fragil,7821,3,9,No,70.0,Manana,Si
Bueno,Medio,Bajo,95.06,103.7,121.3,17.6,Normal,12720,11,6,No,43.5,Tarde,Si
Bueno,Medio,Medio,307.97,336.0,365.1,29.1,Normal,7256,9,1,No,78.8,Tarde,Si
Lluvia,Medio,Medio,115.25,125.7,166.0,40.2,Normal,10048,3,5,No,88.3,Tarde,No
Lluvia,Medio,Medio,78.09,85.2,93.3,8.1,Normal,8720,9,2,No,66.1,Manana,Si
Bueno,Medio,Alto,38.85,42.4,68.2,25.8,Normal,10407,5,7,No,72.0,Manana,Si
Bueno,Bajo,Medio,183.92,183.9,203.2,19.2,Fragil,4289,9,5,No,66.7,Manana,Si
Bueno,Alto,Medio,160.53,275.2,310.1,34.9,Fragil,6582,6,4,No,64.2,Noche,No
Bueno,Alto,Medio,265.1,397.6,426.5,28.9,Normal,12446,5,6,No,73.5,Noche,Si
Lluvia,Medio,Medio,167.96,201.6,229.1,27.6,Fragil,6310,11,8,No,58.2,Noche,Si
Bueno,Medio,Medio,126.9,152.3,192.5,40.2,Fragil,6646,7,7,No,66.5,Manana,No
Bueno,Bajo,Bajo,98.96,99.0,110.4,11.4,Fragil,8667,5,6,No,56.4,Tarde,Si
Tormenta,Alto,Bajo,114.36,196.0,245.7,49.7,Fragil,6651,3,3,No,78.8,Noche,No
Bueno,Alto,Medio,316.77,543.0,594.2,51.2,Fragil,5072,8,6,No,73.6,Manana,No
Bueno,Alto,Bajo,74.77,112.2,152.5,40.4,Normal,11203,6,5,No,63.5,Manana,No
Lluvia,Medio,Medio,345.98,415.2,466.3,51.1,Fragil,4752,7,2,No,70.6,Manana,No
Bueno,Bajo,Bajo,121.15,132.2,143.3,11.1,Peligrosa,12080,4,3,No,66.7,Tarde,Si
Bueno,Bajo,Bajo,40.05,37.0,62.2,25.2,Normal,9463,3,7,Si,87.2,Manana,Si
Bueno,Bajo,Bajo,94.55,87.3,87.3,0.0,Normal,7724,9,3,No,63.4,Manana,Si
Tormenta,Bajo,Medio,29.86,30.0,78.2,48.2,Normal,10068,7,6,No,79.5,Tarde,No
Bueno,Bajo,Alto,278.61,303.9,317.2,13.2,Peligrosa,11720,7,5,No,59.4,Tarde,Si
Bueno,Alto,Bajo,187.44,281.2,317.6,36.5,Normal,15694,9,5,No,82.2,Noche,No
Bueno,Bajo,Bajo,124.58,124.6,147.8,23.2,Fragil,8619,3,5,No,85.6,Tarde,Si
Bueno,Bajo,Bajo,235.1,235.1,252.5,17.4,Fragil,4278,3,5,No,86.3,Noche,Si
Lluvia,Alto,Medio,228.61,457.2,491.8,34.6,Peligrosa,11371,11,3,No,92.1,Tarde,No
Bueno,Medio,Bajo,329.56,359.5,398.0,38.5,Normal,13599,2,8,No,74.4,Noche,No
Bueno,Medio,Medio,336.83,404.2,436.4,32.2,Fragil,5640,7,3,No,88.6,Manana,No
Bueno,Medio,Bajo,241.43,289.7,322.6,32.9,Fragil,5933,7,7,No,94.4,Noche,No
Lluvia,Alto,Alto,286.99,430.5,506.1,75.6,Normal,4232,5,8,No,53.2,Noche,No
Bueno,Medio,Bajo,279.42,335.3,365.0,29.7,Fragil,6877,6,4,No,61.0,Tarde,Si
Lluvia,Medio,Medio,177.04,193.1,226.6,33.4,Normal,11120,12,7,No,47.6,Manana,No
Lluvia,Medio,Bajo,249.52,299.4,354.5,55.1,Fragil,7945,5,3,No,85.9,Manana,Si
Bueno,Medio,Bajo,36.61,39.9,42.9,3.0,Normal,12588,4,5,No,47.4,Manana,Si
Lluvia,Medio,Medio,267.73,292.1,323.7,31.7,Normal,7203,4,3,No,43.3,Manana,No
Lluvia,Medio,Medio,337.02,367.7,407.6,39.9,Normal,8144,5,5,No,53.5,Manana,No
Bueno,Bajo,Bajo,38.89,35.9,49.0,13.1,Normal,9299,4,8,No,43.9,Manana,Si
Tormenta,Medio,Medio,294.28,321.0,365.1,44.1,Normal,12985,5,3,No,74.1,Manana,No
Bueno,Bajo,Bajo,327.21,327.2,339.0,11.8,Fragil,5344,8,6,No,53.7,Noche,Si
Lluvia,Bajo,Alto,86.9,80.2,98.9,18.7,Normal,9728,4,4,No,44.6,Tarde,Si
Tormenta,Bajo,Medio,188.44,173.9,230.0,56.0,Normal,10937,5,5,No,69.4,Noche,No
Bueno,Alto,Bajo,332.83,570.6,626.2,55.6,Fragil,4624,8,4,No,70.3,Manana,No
Lluvia,Medio,Medio,336.48,403.8,454.3,50.5,Fragil,6550,8,7,No,42.0,Manana,No
Bueno,Medio,Bajo,53.48,58.3,72.0,13.6,Normal,10904,4,10,No,59.3,Manana,Si
Lluvia,Alto,Medio,121.4,242.8,309.0,66.2,Peligrosa,9538,12,5,No,68.9,Noche,No
Lluvia,Bajo,Medio,247.37,228.3,268.1,39.8,Normal,13219,5,4,No,64.6,Manana,No
Bueno,Medio,Medio,85.33,102.4,130.9,28.5,Fragil,4410,7,6,No,65.1,Tarde,Si
Bueno,Medio,Medio,120.42,131.4,149.8,18.4,Normal,8390,6,5,No,87.7,Manana,Si
Bueno,Bajo,Bajo,17.92,30.0,32.9,2.9,Fragil,5657,6,1,No,100.0,Manana,Si
Bueno,Medio,Bajo,62.2,82.9,102.0,19.0,Peligrosa,12804,6,4,No,65.3,Manana,Si
Bueno,Alto,Medio,197.51,338.6,384.0,45.4,Fragil,4679,7,2,No,50.2,Manana,No
Bueno,Bajo,Bajo,232.05,214.2,225.1,10.9,Normal,7193,5,7,No,66.5,Manana,Si
Bueno,Medio,Bajo,230.63,276.8,300.7,23.9,Fragil,3700,5,4,No,72.9,Noche,Si
Bueno,Bajo,Bajo,274.64,253.5,265.0,11.5,Normal,14772,2,5,No,69.2,Manana,Si
Lluvia,Medio,Medio,151.2,181.4,225.4,43.9,Fragil,6433,3,6,No,79.2,Manana,No
Lluvia,Medio,Bajo,102.99,123.6,161.2,37.6,Fragil,7479,2,5,No,100.0,Manana,No
Lluvia,Medio,Alto,15.3,30.0,76.6,46.6,Peligrosa,14042,7,6,No,44.3,Noche,No
Bueno,Medio,Bajo,80.25,87.5,114.5,27.0,Normal,8129,7,4,No,62.4,Tarde,Si
Lluvia,Bajo,Alto,116.21,107.3,158.4,51.1,Normal,9299,2,8,No,93.1,Tarde,No
Bueno,Medio,Bajo,70.59,77.0,94.0,17.0,Normal,8898,2,4,No,62.2,Tarde,Si
Bueno,Medio,Medio,16.85,30.0,60.7,30.7,Normal,5198,9,8,No,81.8,Noche,No
Bueno,Medio,Bajo,63.53,69.3,69.3,0.0,Normal,9658,9,6,No,79.5,Manana,Si
Lluvia,Bajo,Medio,236.47,218.3,245.3,27.0,Normal,8894,6,2,No,88.6,Tarde,Si
Bueno,Medio,Bajo,224.06,268.9,296.0,27.2,Fragil,5008,6,7,No,98.7,Noche,Si
Bueno,Medio,Medio,328.13,358.0,386.8,28.9,Normal,8806,6,6,No,75.0,Manana,Si
Tormenta,Bajo,Alto,281.38,259.7,314.1,54.3,Normal,8099,7,3,No,43.8,Manana,No
Bueno,Bajo,Bajo,203.04,187.4,199.8,12.4,Normal,11187,4,5,No,59.5,Tarde,Si
Bueno,Medio,Bajo,56.77,68.1,83.6,15.5,Fragil,9129,1,7,No,100.0,Manana,Si
Tormenta,Medio,Medio,201.78,242.1,307.1,65.0,Fragil,10493,3,5,No,48.8,Manana,No
Bueno,Bajo,Alto,30.94,30.0,56.2,26.2,Normal,10237,7,6,No,77.5,Manana,Si
Bueno,Alto,Alto,155.06,232.6,284.0,51.4,Normal,8506,4,10,No,32.3,Manana,No
Lluvia,Medio,Bajo,142.69,155.7,196.8,41.1,Normal,10542,7,4,No,49.7,Tarde,No
Lluvia,Medio,Bajo,155.46,169.6,190.1,20.5,Normal,4048,3,5,No,83.3,Manana,Si
Bueno,Medio,Bajo,105.14,114.7,128.9,14.2,Normal,14259,10,4,No,70.5,Tarde,Si
Lluvia,Medio,Bajo,243.18,265.3,302.7,37.5,Normal,9686,8,6,No,64.4,Manana,No
Bueno,Medio,Bajo,295.92,394.6,427.2,32.7,Peligrosa,11784,7,4,No,57.8,Manana,No
Bueno,Alto,Alto,275.59,413.4,480.6,67.3,Normal,6827,6,8,No,40.1,Manana,No
Bueno,Medio,Bajo,223.44,268.1,282.6,14.5,Fragil,5301,2,3,No,80.4,Noche,Si
Bueno,Medio,Medio,193.04,210.6,231.4,20.8,Normal,9915,6,1,No,65.8,Manana,Si
Lluvia,Medio,Alto,20.57,30.0,79.7,49.7,Peligrosa,14084,6,5,No,47.2,Tarde,No
Lluvia,Medio,Medio,255.8,341.1,369.2,28.2,Peligrosa,12798,8,6,No,70.5,Noche,Si
Bueno,Bajo,Bajo,195.29,195.3,227.6,32.3,Fragil,5116,3,6,No,78.7,Tarde,No
Bueno,Medio,Bajo,102.05,111.3,134.6,23.3,Normal,7430,1,6,No,67.0,Manana,Si
Bueno,Medio,Bajo,121.47,132.5,132.5,0.0,Normal,5287,9,2,No,71.7,Manana,Si
Lluvia,Alto,Alto,333.84,572.3,648.9,76.6,Fragil,7665,7,5,No,70.6,Tarde,No
Bueno,Medio,Medio,222.28,266.7,302.9,36.2,Fragil,5750,3,3,No,59.4,Tarde,No
Lluvia,Medio,Bajo,171.81,187.4,219.5,32.1,Normal,5557,4,6,No,70.8,Tarde,No
Bueno,Alto,Alto,217.1,325.7,353.4,27.8,Normal,8048,6,2,No,81.0,Tarde,Si
Bueno,Medio,Bajo,150.67,164.4,164.4,0.0,Normal,10077,2,5,No,85.5,Manana,Si
Lluvia,Bajo,Bajo,169.86,169.9,212.8,43.0,Fragil,6237,9,8,No,81.9,Tarde,No
Lluvia,Bajo,Alto,108.71,108.7,142.5,33.8,Fragil,4063,5,5,No,59.9,Tarde,No
Bueno,Bajo,Bajo,159.55,159.6,166.8,7.2,Fragil,6507,5,2,No,79.5,Noche,Si
Lluvia,Bajo,Bajo,243.1,243.1,276.9,33.8,Fragil,7274,4,4,No,77.0,Tarde,No
Tormenta,Medio,Medio,23.58,30.0,57.7,27.7,Normal,9917,6,5,No,59.4,Manana,Si
Bueno,Medio,Bajo,280.31,305.8,338.3,32.5,Normal,15264,6,9,No,63.0,Tarde,No
Bueno,Medio,Bajo,106.21,115.9,146.7,30.9,Normal,5693,5,4,No,80.2,Tarde,No
Bueno,Bajo,Bajo,242.07,242.1,256.7,14.6,Fragil,5195,6,1,No,90.7,Manana,Si
Lluvia,Medio,Medio,228.53,249.3,283.4,34.1,Normal,8162,9,1,No,42.8,Tarde,No
Bueno,Bajo,Bajo,231.89,214.1,222.6,8.5,Normal,11234,9,6,No,94.6,Manana,Si
Bueno,Alto,Bajo,215.35,323.0,356.4,33.4,Normal,6553,2,6,No,87.5,Manana,No
Bueno,Bajo,Bajo,336.09,310.2,368.1,57.9,Normal,10909,4,6,Si,73.0,Tarde,No
Lluvia,Medio,Alto,182.84,199.5,234.4,34.9,Normal,10449,2,5,No,66.4,Manana,No
Bueno,Medio,Medio,258.99,282.5,322.1,39.6,Normal,11033,8,6,No,75.9,Tarde,No
Lluvia,Medio,Medio,249.85,272.6,315.1,42.5,Normal,10988,7,6,No,60.4,Manana,No
Bueno,Medio,Bajo,90.33,108.4,127.6,19.2,Fragil,7519,7,7,No,67.3,Noche,Si
Tormenta,Medio,Alto,106.32,116.0,191.3,75.3,Normal,8877,7,7,No,47.9,Tarde,No
Bueno,Bajo,Medio,154.17,142.3,173.7,31.4,Normal,10325,7,5,No,43.9,Tarde,No
Bueno,Alto,Alto,109.04,163.6,191.9,28.4,Normal,7159,6,4,No,100.0,Manana,Si
Lluvia,Medio,Medio,134.69,161.6,202.5,40.9,Fragil,4230,9,4,No,70.9,Noche,Si
Tormenta,Medio,Alto,142.93,155.9,218.4,62.5,Normal,13412,8,5,No,73.1,Manana,No
Bueno,Alto,Bajo,207.05,354.9,398.1,43.2,Fragil,6511,4,3,No,69.5,Tarde,No
Bueno,Alto,Bajo,93.75,187.5,235.6,48.1,Peligrosa,15924,5,5,No,57.6,Manana,No
Lluvia,Bajo,Bajo,283.46,283.5,326.0,42.6,Fragil,3434,2,7,No,65.4,Manana,No
Lluvia,Bajo,Bajo,158.76,146.5,278.8,132.2,Normal,11937,2,13,Si,71.4,Tarde,No
Bueno,Bajo,Bajo,250.12,250.1,269.0,18.9,Fragil,6954,5,5,No,67.1,Manana,Si
Bueno,Bajo,Bajo,37.69,34.8,34.8,0.0,Normal,11228,9,6,No,58.7,Manana,Si
Lluvia,Medio,Medio,169.79,185.2,225.5,40.3,Normal,8855,2,5,No,77.2,Manana,No
Lluvia,Alto,Alto,27.32,41.0,118.9,77.9,Normal,7500,4,5,No,72.8,Manana,No
Lluvia,Alto,Alto,235.24,352.9,435.8,82.9,Normal,8373,7,9,No,75.9,Noche,No
Bueno,Medio,Bajo,126.86,138.4,158.3,19.9,Normal,11592,5,2,No,80.6,Tarde,Si
Bueno,Medio,Bajo,332.75,363.0,375.7,12.7,Normal,10828,6,4,No,67.4,Manana,Si
Tormenta,Alto,Alto,112.51,168.8,276.4,107.6,Normal,8680,8,7,No,67.5,Tarde,No
Lluvia,Alto,Medio,197.56,296.3,352.5,56.1,Normal,6152,4,6,No,92.2,Tarde,No
Lluvia,Bajo,Alto,97.51,90.0,135.6,45.6,Normal,6329,6,4,No,55.8,Tarde,No
Bueno,Medio,Bajo,220.84,294.5,347.9,53.4,Peligrosa,11977,3,11,No,41.9,Tarde,No
Bueno,Alto,Medio,171.5,257.3,301.4,44.2,Normal,5806,5,4,No,78.3,Manana,No
Lluvia,Medio,Medio,136.01,163.2,218.6,55.4,Fragil,8562,2,2,No,60.6,Manana,No
Bueno,Medio,Medio,79.25,86.5,111.5,25.1,Normal,15703,8,7,No,53.8,Tarde,Si
Tormenta,Alto,Alto,51.83,77.8,156.3,78.6,Normal,10149,7,6,No,83.3,Tarde,No
Bueno,Alto,Medio,52.45,78.7,113.1,34.5,Normal,10856,2,4,No,67.8,Tarde,No
Lluvia,Alto,Alto,350.06,525.1,590.8,65.7,Normal,6347,3,4,No,51.0,Manana,No
Lluvia,Medio,Alto,150.19,163.8,204.7,40.8,Normal,5932,5,5,No,99.0,Noche,No
Bueno,Bajo,Medio,10.66,30.0,39.9,9.9,Normal,10990,8,4,No,45.8,Manana,Si
Bueno,Medio,Bajo,334.0,364.4,398.4,34.0,Normal,8294,2,4,No,68.7,Tarde,No
Lluvia,Medio,Bajo,16.79,30.0,56.8,26.8,Normal,11934,8,7,No,41.7,Manana,Si
Bueno,Medio,Medio,152.32,166.2,194.4,28.2,Normal,9358,6,3,No,74.1,Tarde,Si
Bueno,Medio,Medio,253.94,277.0,284.6,7.6,Normal,17891,0,3,No,60.4,Noche,Si
Lluvia,Medio,Alto,320.96,350.1,415.9,65.8,Normal,7819,6,5,No,82.3,Manana,No
Tormenta,Medio,Medio,252.38,275.3,334.1,58.7,Normal,9973,8,3,No,69.7,Tarde,No
Bueno,Medio,Medio,167.63,182.9,212.6,29.7,Normal,7015,9,6,No,90.3,Tarde,Si
Bueno,Medio,Medio,341.31,372.3,405.1,32.8,Normal,11830,6,6,No,63.6,Manana,No
Bueno,Medio,Medio,23.37,30.0,69.6,39.6,Normal,10351,7,7,No,45.9,Manana,No
Bueno,Bajo,Bajo,345.54,319.0,336.4,17.4,Normal,6847,3,1,No,73.6,Tarde,Si
Bueno,Bajo,Bajo,298.79,326.0,344.1,18.2,Peligrosa,11261,11,5,No,66.2,Manana,Si
Bueno,Alto,Medio,323.71,485.6,550.6,65.0,Normal,12680,5,4,No,42.7,Manana,No
Lluvia,Medio,Medio,96.62,105.4,120.4,14.9,Normal,12379,10,5,No,54.2,Noche,Si
Bueno,Bajo,Bajo,58.44,53.9,59.1,5.1,Normal,5714,5,6,No,58.9,Tarde,Si
Tormenta,Medio,Medio,235.53,314.0,367.6,53.6,Peligrosa,13021,5,11,No,93.3,Tarde,No
Bueno,Medio,Medio,185.39,222.5,236.9,14.4,Fragil,5488,9,4,No,80.6,Tarde,Si
Bueno,Bajo,Bajo,187.88,187.9,209.3,21.5,Fragil,6461,3,8,No,64.8,Tarde,Si
Lluvia,Medio,Medio,324.37,432.5,487.3,54.8,Peligrosa,17431,6,6,No,77.1,Tarde,No
Lluvia,Bajo,Medio,220.83,203.8,338.1,134.2,Normal,11817,2,5,Si,39.4,Manana,No
Bueno,Medio,Alto,115.76,154.3,201.6,47.2,Peligrosa,12886,8,2,No,61.5,Manana,No
Bueno,Bajo,Bajo,146.02,134.8,154.1,19.3,Normal,6901,8,5,No,76.0,Tarde,Si
Bueno,Bajo,Bajo,55.39,55.4,59.6,4.2,Fragil,6962,10,4,No,72.5,Noche,Si
Bueno,Bajo,Bajo,75.39,69.6,136.0,66.4,Normal,12262,4,5,Si,61.9,Manana,No
Bueno,Medio,Bajo,58.74,64.1,73.6,9.5,Normal,11799,4,5,No,69.4,Noche,Si
Bueno,Bajo,Bajo,285.5,311.5,337.6,26.2,Peligrosa,8930,5,3,No,75.1,Tarde,Si
Bueno,Alto,Alto,243.25,364.9,409.7,44.8,Normal,8902,4,5,No,69.9,Manana,Si
Bueno,Bajo,Bajo,190.32,207.6,246.5,38.9,Peligrosa,13866,4,3,No,82.9,Manana,No
Tormenta,Medio,Bajo,137.29,149.8,182.6,32.8,Normal,8868,8,2,No,74.8,Manana,No
Lluvia,Medio,Alto,237.29,284.7,340.1,55.4,Fragil,3151,6,2,No,77.7,Tarde,No
Bueno,Medio,Bajo,286.39,381.9,400.5,18.6,Peligrosa,12022,8,5,No,95.7,Manana,Si
Bueno,Bajo,Bajo,309.62,285.8,297.6,11.8,Normal,13492,8,4,No,82.4,Manana,Si
Bueno,Alto,Medio,199.64,399.3,444.4,45.2,Peligrosa,12950,7,4,No,96.1,Manana,No
Bueno,Alto,Bajo,283.1,424.6,451.5,26.8,Normal,8343,4,5,No,59.9,Noche,Si
Lluvia,Bajo,Bajo,183.84,183.8,216.1,32.2,Fragil,6772,5,5,No,46.1,Manana,No
Lluvia,Bajo,Alto,171.34,158.2,200.4,42.3,Normal,12680,5,9,No,67.9,Manana,No
Tormenta,Alto,Alto,301.99,453.0,536.1,83.1,Normal,7892,6,2,No,66.6,Manana,No
Tormenta,Medio,Alto,141.37,169.6,228.7,59.0,Fragil,7158,9,3,No,91.9,Manana,No
Tormenta,Bajo,Alto,144.61,133.5,183.4,49.9,Normal,12298,3,3,No,53.0,Manana,No
Tormenta,Bajo,Bajo,113.67,104.9,154.0,49.1,Normal,5146,6,8,No,68.8,Tarde,No
Bueno,Medio,Medio,186.36,203.3,229.4,26.1,Normal,5018,8,4,No,76.1,Tarde,Si
Bueno,Medio,Bajo,195.25,234.3,267.7,33.4,Fragil,5872,7,7,No,71.5,Manana,No
Bueno,Medio,Bajo,234.56,255.9,264.2,8.3,Normal,9256,8,6,No,67.4,Noche,Si
Bueno,Alto,Medio,154.53,264.9,304.9,40.0,Fragil,6903,5,1,No,75.4,Manana,No
Bueno,Medio,Bajo,84.06,112.1,121.4,9.3,Peligrosa,11560,7,4,No,86.2,Noche,Si
Lluvia,Medio,Bajo,304.73,332.4,370.5,38.1,Normal,9666,10,4,No,93.0,Manana,No
Lluvia,Medio,Medio,127.64,139.2,164.2,24.9,Normal,7799,4,8,No,70.5,Noche,Si
Bueno,Medio,Bajo,323.8,388.6,414.2,25.6,Fragil,6716,7,4,No,57.8,Noche,Si
Bueno,Bajo,Bajo,80.5,74.3,74.3,0.0,Normal,10074,8,5,No,93.0,Noche,Si
Bueno,Bajo,Bajo,200.42,185.0,190.3,5.3,Normal,11821,8,3,No,53.8,Manana,Si
Bueno,Medio,Medio,192.45,230.9,323.6,92.6,Fragil,5909,7,6,Si,96.9,Tarde,No
Lluvia,Medio,Bajo,291.74,318.3,363.2,45.0,Normal,5338,4,3,No,90.2,Noche,No
Bueno,Bajo,Bajo,57.21,52.8,54.2,1.4,Normal,10150,7,10,No,92.3,Tarde,Si
Lluvia,Medio,Bajo,319.38,383.3,424.5,41.2,Fragil,6220,10,5,No,80.3,Manana,No
Bueno,Medio,Bajo,190.69,208.0,222.7,14.7,Normal,6475,7,5,No,38.3,Manana,Si
Bueno,Medio,Medio,209.28,228.3,275.4,47.1,Normal,9358,7,5,No,54.4,Manana,No
Bueno,Medio,Medio,183.46,200.1,217.3,17.2,Normal,5912,8,4,No,74.6,Manana,Si
Lluvia,Alto,Bajo,17.27,30.0,80.9,50.9,Fragil,7442,6,4,No,59.9,Manana,No
Lluvia,Medio,Medio,179.01,214.8,258.4,43.6,Fragil,7068,10,4,No,65.3,Tarde,No
Bueno,Bajo,Medio,99.61,91.9,96.0,4.1,Normal,7768,5,4,No,79.2,Manana,Si
Tormenta,Medio,Medio,126.51,138.0,173.8,35.7,Normal,5736,5,5,No,67.5,Manana,No
Bueno,Medio,Bajo,230.69,251.7,260.9,9.2,Normal,5680,7,8,No,51.7,Manana,Si
Lluvia,Bajo,Medio,179.22,165.4,184.1,18.6,Normal,4285,7,5,No,83.3,Noche,Si
Bueno,Bajo,Medio,41.69,38.5,49.4,10.9,Normal,10191,10,7,No,77.7,Tarde,Si
Bueno,Bajo,Bajo,34.83,38.0,68.3,30.3,Peligrosa,14908,6,7,No,66.3,Tarde,No
Lluvia,Medio,Alto,73.12,79.8,119.5,39.7,Normal,10481,8,1,No,80.7,Tarde,No
Bueno,Medio,Medio,74.9,89.9,102.5,12.7,Fragil,8243,12,5,No,71.4,Tarde,Si
Bueno,Bajo,Bajo,216.82,200.1,217.7,17.5,Normal,11515,6,6,No,90.0,Manana,Si
Bueno,Alto,Bajo,71.09,106.6,136.1,29.4,Normal,10767,7,7,No,72.3,Tarde,No
Bueno,Alto,Medio,315.8,473.7,497.2,23.5,Normal,9018,8,4,No,89.9,Manana,Si
Lluvia,Bajo,Bajo,81.32,75.1,89.6,14.5,Normal,8608,2,3,No,41.9,Tarde,Si
Lluvia,Alto,Medio,46.65,80.0,136.0,56.1,Fragil,6888,8,6,No,76.9,Manana,No
Lluvia,Bajo,Bajo,307.75,335.7,359.2,23.5,Peligrosa,11853,14,2,No,64.0,Noche,Si
Bueno,Alto,Medio,114.23,195.8,246.5,50.7,Fragil,6009,5,2,No,57.1,Tarde,No
Bueno,Alto,Medio,149.2,223.8,255.5,31.7,Normal,11845,8,7,No,87.4,Manana,No
Bueno,Bajo,Medio,336.07,336.1,351.0,14.9,Fragil,6950,9,2,No,83.3,Tarde,Si
Bueno,Medio,Bajo,331.09,361.2,384.0,22.9,Normal,10347,6,4,No,39.9,Manana,Si
Bueno,Alto,Alto,262.68,525.4,568.8,43.5,Peligrosa,11747,4,6,No,80.7,Manana,No
Tormenta,Alto,Alto,27.99,42.0,108.8,66.8,Normal,10825,10,9,No,78.9,Noche,No
Lluvia,Alto,Alto,206.47,309.7,471.2,161.5,Normal,6923,8,3,Si,59.2,Tarde,No
Lluvia,Medio,Medio,346.29,377.8,414.9,37.1,Normal,10726,7,6,No,57.5,Tarde,No
Bueno,Bajo,Bajo,331.95,306.4,335.7,29.3,Normal,16423,6,2,No,46.1,Manana,Si
Bueno,Alto,Alto,43.26,64.9,103.9,39.0,Normal,7575,10,3,No,64.9,Manana,No
Bueno,Medio,Medio,144.63,192.8,230.7,37.9,Peligrosa,16930,7,7,No,67.3,Manana,No
Bueno,Medio,Medio,117.28,140.7,157.0,16.3,Fragil,8249,4,1,No,82.0,Tarde,Si
Bueno,Medio,Bajo,54.11,72.1,94.9,22.8,Peligrosa,17848,5,4,No,74.0,Tarde,Si
Bueno,Medio,Bajo,246.23,268.6,281.0,12.3,Normal,7011,6,4,No,54.1,Manana,Si
Bueno,Bajo,Bajo,103.11,95.2,103.7,8.6,Normal,14912,4,6,No,73.6,Manana,Si
Tormenta,Medio,Alto,127.25,138.8,233.4,94.6,Normal,10232,7,3,No,66.2,Manana,No
Bueno,Bajo,Bajo,40.72,37.6,50.0,12.4,Normal,7585,4,3,No,56.0,Manana,Si
Tormenta,Medio,Alto,179.31,195.6,277.2,81.6,Normal,8491,5,9,No,46.2,Manana,No
Bueno,Alto,Bajo,60.14,90.2,112.8,22.6,Normal,10077,7,5,No,79.4,Manana,Si
Bueno,Medio,Bajo,156.91,171.2,198.8,27.6,Normal,8978,5,7,No,76.7,Manana,Si
Bueno,Medio,Bajo,58.74,64.1,66.2,2.1,Normal,9865,5,2,No,78.4,Manana,Si
Bueno,Medio,Bajo,334.31,364.7,381.8,17.1,Normal,13434,7,6,No,59.1,Manana,Si
Bueno,Alto,Medio,50.71,86.9,148.9,62.0,Fragil,7100,4,8,No,72.6,Tarde,No
Bueno,Medio,Medio,187.44,204.5,223.9,19.4,Normal,10612,3,4,No,49.4,Noche,No
Tormenta,Medio,Alto,76.97,102.6,151.2,48.5,Peligrosa,11099,8,4,No,55.2,Manana,Si
Bueno,Bajo,Bajo,35.96,33.2,33.2,0.0,Normal,7752,6,4,No,70.5,Manana,Si
Lluvia,Bajo,Bajo,78.78,78.8,111.1,32.3,Fragil,5250,8,3,No,73.9,Tarde,No
Bueno,Medio,Medio,28.62,34.3,54.4,20.0,Fragil,7281,6,5,No,45.6,Manana,Si
Bueno,Alto,Bajo,51.56,88.4,130.7,42.3,Fragil,6786,2,3,No,54.1,Manana,No
Bueno,Medio,Medio,177.78,213.3,234.6,21.3,Fragil,5754,6,7,No,64.5,Manana,Si
Bueno,Bajo,Bajo,231.62,231.6,243.1,11.5,Fragil,6332,6,1,No,84.4,Manana,Si
Tormenta,Alto,Alto,47.91,82.1,134.9,52.7,Fragil,8629,9,5,No,57.8,Noche,No
Lluvia,Medio,Bajo,159.95,174.5,201.9,27.4,Normal,4724,4,5,No,72.1,Noche,Si
Lluvia,Alto,Alto,203.84,305.8,362.9,57.1,Normal,13827,8,5,No,73.7,Manana,No
Bueno,Bajo,Alto,89.64,89.6,119.3,29.6,Fragil,8401,4,9,No,66.3,Manana,Si
Bueno,Medio,Bajo,136.51,148.9,160.1,11.2,Normal,9049,4,2,No,74.0,Noche,Si
Tormenta,Alto,Alto,31.08,46.6,151.0,104.4,Normal,14488,6,4,No,49.8,Tarde,No
Bueno,Bajo,Bajo,84.84,78.3,175.1,96.7,Normal,11555,8,6,Si,60.2,Noche,No
Bueno,Medio,Bajo,168.7,184.0,194.0,9.9,Normal,13423,5,4,No,91.5,Tarde,Si
Bueno,Alto,Alto,355.14,532.7,589.3,56.5,Normal,6050,9,5,No,92.6,Manana,No
Lluvia,Bajo,Bajo,348.73,348.7,372.1,23.4,Fragil,4857,8,5,No,82.6,Manana,Si
Lluvia,Bajo,Bajo,343.07,343.1,435.0,91.9,Fragil,6583,9,5,Si,86.5,Manana,No
Lluvia,Medio,Bajo,153.85,184.6,310.8,126.1,Fragil,4355,11,8,Si,42.6,Noche,No
Lluvia,Medio,Medio,37.43,40.8,69.7,28.9,Normal,12124,7,6,No,55.8,Manana,Si
Bueno,Bajo,Medio,120.01,110.8,149.0,38.2,Normal,4923,6,5,No,65.3,Tarde,Si
Tormenta,Medio,Alto,90.82,99.1,164.4,65.4,Normal,10759,6,5,No,100.0,Tarde,No
Bueno,Medio,Medio,14.8,30.0,42.5,12.5,Normal,11473,5,4,No,65.3,Noche,Si
Lluvia,Bajo,Bajo,42.38,42.4,66.5,24.1,Fragil,2560,10,3,No,81.2,Tarde,Si
Bueno,Medio,Medio,164.09,179.0,206.0,27.0,Normal,7983,8,3,No,75.7,Manana,Si
Tormenta,Alto,Alto,122.55,245.1,314.5,69.4,Peligrosa,12663,11,6,No,75.3,Manana,Si
Bueno,Medio,Bajo,71.32,77.8,80.5,2.7,Normal,7061,9,4,No,69.6,Tarde,Si
